customer_id,first_name,last_name,email,phone_number,date_of_birth,address
1,Samuel,Wright,osloan@browning.com,+1-731-851-5617,1984-11-19,"2948 Williams Shoal Suite 898
Reedmouth, CA 05859"
2,Mitchell,Garrett,qandrews@yahoo.com,001-431-642-8742,1991-05-03,"04867 Thomas Spring Apt. 940
North Ryan, SD 64818"
3,Bill,Palmer,kevinmiller@gonzales.org,7291183841,1964-11-13,"05610 Thompson Extensions Apt. 262
Snyderfurt, WI 83012"
4,Tabitha,Thompson,martinezjill@manning-galloway.net,+1-557-320-0735x88557,1976-05-02,"096 Pineda Crossing
Meghanstad, NH 33954"
5,Stephanie,Watkins,bowersjason@good-jackson.com,5911017312,1963-04-11,"138 Christine Views Suite 885
Lake Steven, AR 53610"
6,Kevin,Mason,cooperpatrick@meyer-barber.info,777-693-8284x800,1999-12-02,"23128 Bradley Pine Apt. 839
North Amandaland, SC 89494"
7,Terri,Palmer,samanthacox@gmail.com,449.356.7357x63097,1962-02-09,"060 Nicholas Valleys
Lake Brianton, VA 51561"
8,Sean,Montoya,abeck@hotmail.com,9208274289,1964-07-07,"8606 Aaron Loaf
Goldenstad, NC 15095"
9,Allison,Acosta,wagnerrobert@patton.com,001-597-224-3709,1983-11-19,"Unit 5391 Box 1046
DPO AE 04298"
10,Stephanie,Pacheco,nwalton@hotmail.com,778.625.2393,1991-01-31,"605 Megan Inlet
Rachelbury, MT 54276"
11,Daniel,Rasmussen,nicholsleah@yahoo.com,494-586-0348x698,1956-04-23,"811 Becky Mountain Apt. 705
Mooneymouth, MS 06311"
12,Ashley,Schwartz,clarkandrew@lee.org,224.138.4134,1973-07-16,"USS Garcia
FPO AA 94682"
13,William,Newman,onealmelissa@yahoo.com,695-917-7955,1994-05-11,"33017 Joshua Forges Suite 997
Rileymouth, NE 82664"
14,Kristy,Taylor,barberjanet@ramos-mason.biz,8712729013,1958-10-31,"592 Jose View
New Sarah, KS 30576"
15,Kevin,White,lballard@williams.org,(022)652-2978x5841,1966-07-27,"804 Heath Fords
Port Amandafort, MO 89028"
16,Phillip,Wilson,davieseric@hotmail.com,(501)622-9251x38932,1948-11-04,"52586 Katie Trail
Richmouth, WA 68994"
17,Joseph,Johnson,phillipsjohn@gutierrez.com,451.086.2537x9638,1999-11-19,"3529 Sara Lodge Apt. 375
Fritztown, MS 86012"
18,Rebecca,Morgan,jasonsmith@gmail.com,(581)830-6666x57978,1968-11-28,"3660 Kelly Radial Suite 416
Richardtown, ME 13577"
19,Eric,Petersen,odean@lee.info,(279)821-9556x800,1987-11-21,"79686 James Burgs Suite 538
North Janiceton, NV 10037"
20,Daniel,Rodriguez,darren90@gmail.com,(271)255-8013x9361,2003-03-04,"314 Barnes Loaf Apt. 748
Kennethton, WV 40259"
21,Diana,Leach,chapmankelli@best.com,399-215-2745x304,2003-03-14,"27173 David Run Apt. 977
New Matthewstad, WY 73837"
22,Karen,Mcintosh,stevenroberts@hardy.info,853-419-8486x72130,1991-04-07,"Unit 3820 Box 1235
DPO AE 58183"
23,Raymond,Wilson,pmiller@gmail.com,001-884-572-7525x62014,1996-03-11,"5675 George Forge Apt. 846
East Melissa, AR 68419"
24,Kelly,Figueroa,wrightpaula@yahoo.com,(612)432-9359,1979-10-23,"48719 Stevens Skyway
Davidstad, MN 52593"
25,Ashley,Suarez,jasonwilkins@bell-morgan.com,717-283-0172x9492,1994-03-16,"1954 Kimberly Highway Suite 772
Samanthaview, RI 44323"
26,Terrance,Johnson,wayneduffy@yahoo.com,618.585.4555x9229,1951-09-27,"6078 Brian Mission Apt. 009
Pennyton, MN 88066"
27,Matthew,Brown,bbass@woods.com,+1-928-172-7473x722,1953-03-11,"PSC 8949, Box 5285
APO AA 41351"
28,Michael,Clark,megangarcia@carpenter.org,827-964-7116,2006-07-20,"604 Veronica Neck
East Jamesshire, DC 83325"
29,Christopher,Gomez,james45@gray.net,065-706-5085,1983-07-01,"2527 Latoya Shoals
Velasquezton, FL 32346"
30,Courtney,Cantu,hannahpeterson@morrow-barrera.com,(110)009-2982,2004-05-27,"97273 Kendra Island
Port Christopher, IA 02017"
31,Dale,Barrett,ggomez@holt-decker.com,580.371.2680x306,1961-07-31,"74164 Rodriguez Stream
Edwardland, MO 48470"
32,Summer,Ortega,nicolegibson@cook.com,(908)180-6375,1948-08-20,"304 Burton Crossing Suite 314
Hernandezmouth, KS 30574"
33,Jerry,Chang,luis33@rodriguez.org,(705)279-4263,1987-04-25,"109 Day Junctions Apt. 301
South Allison, CO 46330"
34,Alicia,Mercado,shortsarah@meza.org,001-859-011-2756x50360,1978-09-20,"926 Walker Gardens Suite 419
South Kathleen, KY 40089"
35,Jonathan,Howard,ggarcia@spencer.org,+1-505-828-2161x08021,1944-04-06,"312 Sandra Cliffs Suite 143
West Stephanietown, MA 08250"
36,John,Ruiz,nicholsadam@yahoo.com,+1-615-346-5279x80780,1987-12-30,"53009 Greene Haven Apt. 690
Ricebury, SD 97182"
37,Brittney,Torres,melissa54@gmail.com,201.245.7250,1986-05-28,"07206 Timothy Squares
Frankton, PA 76577"
38,Jennifer,Garcia,leah98@yahoo.com,826-865-2191x6706,2001-10-01,"4198 Coleman Mountains
Williamsburgh, AZ 89647"
39,Tyler,Barron,gonzalezheather@yahoo.com,(305)332-6322,1966-01-20,"476 Gary Gateway
South Jessica, MA 35721"
40,Eric,Wang,peggy01@compton-rivera.com,(320)139-1566x9677,1975-06-22,"21688 Juarez Expressway Suite 409
Port Shawnside, NJ 07705"
41,William,Hill,brian34@king.com,122-952-5851,1961-02-19,"55108 Vazquez Heights Apt. 914
Hernandezmouth, MS 15370"
42,Rebecca,Kidd,iwalter@gmail.com,7411768483,1951-09-26,"615 Elizabeth Turnpike
Clarkberg, MN 37109"
43,Raymond,Mejia,andrea92@johnson-parker.org,348-967-1580x232,1989-11-22,"USNS Ortiz
FPO AP 60042"
44,Meghan,Washington,hbailey@martin-hernandez.com,644-476-1738,2000-01-03,"97522 Kimberly Lodge
New Nicolechester, WI 69540"
45,Veronica,Smith,belinda01@parker.com,+1-498-555-4976x8269,1964-04-16,"862 Raymond Groves Suite 126
West Jessetown, TN 81423"
46,Eric,Hughes,gamblebrian@bernard.biz,(846)252-7400x17087,1996-11-26,"Unit 2878 Box 3989
DPO AA 09546"
47,Eric,Harper,dustintaylor@chapman-harrison.info,833.480.4684x3278,1991-07-30,"0846 James Knolls Apt. 029
Denisebury, NC 16680"
48,Colton,Hughes,hkirk@yahoo.com,+1-181-297-1289,1980-07-02,"053 Bautista Cove
Katherinefurt, MN 04522"
49,Yolanda,Jackson,ncooper@barajas-alvarado.com,858.434.7326,2005-09-23,"1873 Andrew Pike Apt. 446
Lake Robertview, AK 20331"
50,William,Abbott,carl70@gmail.com,209-528-6838x46618,2003-10-21,"589 Jerome Stravenue Suite 100
Lake Michael, LA 70891"
51,Adam,Cannon,mercadodavid@gmail.com,(188)595-6723,1960-01-24,"Unit 8791 Box 4851
DPO AE 08661"
52,Andrew,Hicks,rogermoore@gmail.com,029-140-0559x749,1961-04-09,"58317 Long Court Suite 080
West Gregoryberg, NH 95831"
53,Kristen,Gardner,melissa70@hotmail.com,234.890.0410x92253,1951-07-10,"086 Ward Route Suite 377
Lopezhaven, IA 40111"
54,Michelle,Mitchell,michaelcamacho@hotmail.com,954.768.0114x36894,1988-09-24,"432 Katherine Points Suite 461
Wilsontown, MD 13150"
55,Shawn,Fowler,jharvey@peters-ward.net,754-576-5717,1972-03-26,"656 Caldwell Junctions
West Andrewland, HI 76887"
56,Sharon,Burke,ingramdeanna@hotmail.com,001-927-819-4000x7790,1951-08-10,"65114 Wright Lake Suite 821
North Maria, AL 75172"
57,Erica,Baldwin,sanchezsydney@simmons.com,001-572-226-1289x196,1973-02-01,"271 Michael Roads
Tuckerside, TX 64247"
58,Matthew,King,jallen@howard.com,188-078-5123x7022,1974-01-21,"02749 Jacqueline Highway
Cassandraview, NE 32044"
59,Sarah,Reed,kellymarsh@abbott.com,(778)127-4727,1988-05-19,"3241 Hannah Islands
Scottborough, NC 58504"
60,Abigail,Jackson,ericnewman@yahoo.com,(462)761-8403x423,1961-11-18,"9194 Bradley Crest
Marieview, MD 61840"
61,Jessica,Watkins,jacob57@gmail.com,388.465.1008,1951-09-14,"68515 Eric Hill Apt. 459
Danielland, DC 07626"
62,Leah,Kramer,toddsanford@yahoo.com,001-179-624-3037,1953-07-30,"0928 Mayo Ranch Apt. 863
Lake Tonyachester, SD 62695"
63,Kaitlyn,Davis,ericmartin@hotmail.com,+1-398-766-0973x3374,1985-03-08,"Unit 0442 Box 8791
DPO AA 69019"
64,Randy,Yates,leestephanie@hotmail.com,510.855.5899x5318,1951-05-14,"9355 Galvan Extensions
Monteston, WY 61226"
65,Taylor,Smith,garrettdavid@gmail.com,+1-382-780-8728x63411,1988-08-19,"26465 Michael Stravenue
West Michellebury, DE 60024"
66,Christian,Gutierrez,ashley35@yahoo.com,(374)566-6599x04776,1944-07-09,"174 Jackson Tunnel
North Darrell, ME 56648"
67,Brian,Robertson,hughesamanda@stanley-saunders.com,001-532-723-3156x3260,2005-09-22,"74854 Lisa Ford
Lake Christianbury, WY 42860"
68,Carla,Horton,andrewali@hotmail.com,+1-398-186-0754x3630,1954-06-09,"68627 Patton Courts
West Dakotaberg, NJ 49413"
69,Christopher,Lowery,dominguezbryan@williams.com,809.061.1727,1977-11-18,"721 Cortez Bypass
Port Danielborough, WA 61172"
70,Dylan,Strickland,markpadilla@gutierrez.com,+1-326-800-6386,1990-11-10,"071 Hull Crossing
Larsonbury, AK 77281"
71,Leslie,Newman,rachelbenton@mason.com,4672645515,1944-10-09,"7914 David Pike Apt. 085
East Kyle, CA 67508"
72,Jacqueline,Davis,lmatthews@hill.com,949.821.2205,1977-03-27,"7179 Romero Locks
Tiffanytown, GA 30528"
73,Michael,Leonard,biancarobinson@logan.biz,5918099862,1999-08-19,"56839 Sarah Street Suite 390
East Joshuahaven, LA 47455"
74,Donna,Wright,mauricekennedy@yahoo.com,+1-035-890-3507x11636,2001-09-16,"545 Keith Loaf
Marybury, HI 16173"
75,Sara,Jimenez,austinfleming@pope.net,+1-168-944-0103x709,1964-06-04,"4538 Knight River
Mallorytown, MT 89672"
76,Tracey,Lynch,rsanchez@richards.org,(396)475-6317,1967-03-06,"051 Robert Pine Apt. 029
Lake Kristin, VT 54095"
77,Benjamin,Lloyd,jamesthomas@smith-moreno.com,382.493.4767x757,1952-10-21,"91920 Tracy Lane Apt. 917
New Amyberg, CT 08248"
78,Samantha,Lewis,jeffreyalvarez@gmail.com,4310967447,1980-03-23,"PSC 8580, Box 9215
APO AA 29017"
79,Gail,House,burketimothy@wilkinson.com,001-553-046-4859,2006-08-04,"19876 Harmon Row Suite 524
East Joshua, OH 29161"
80,Ashley,Skinner,lauramadden@cruz.info,001-449-329-0356,1973-08-07,"215 Smith Fork
Boltonside, KS 44970"
81,Ronnie,Ware,williamcowan@gmail.com,+1-550-692-3739x642,1981-01-06,"4571 Gonzalez Court Suite 299
Port Gloriachester, FL 93929"
82,Brandon,Williams,samuel39@miller-chapman.biz,351.644.3703x553,1957-08-15,"208 Darlene Divide
South David, SD 91702"
83,Jeremy,Hernandez,briancontreras@hoffman.org,001-886-231-8231x87856,1992-02-10,"1457 Powers Fords Apt. 382
Michaelburgh, IA 54883"
84,Miguel,Mullins,roger58@downs-schroeder.com,725-633-1509,1982-04-07,"719 Smith Inlet Suite 491
Port Amber, TN 94422"
85,Jeff,Rollins,cjoseph@serrano.com,947-644-1670x23430,1988-09-17,"2135 Renee Gateway
Dawnchester, MN 66692"
86,Sandra,Griffith,durhamjennifer@chambers.com,001-369-299-4395x0502,1959-10-10,"78903 Ashley Squares Apt. 062
Andretown, ID 58928"
87,Danielle,Rivers,ebarker@hotmail.com,404-442-2837x426,1950-09-17,"673 Knight Neck Suite 791
Port Michael, AZ 89908"
88,Rachel,Stone,gday@gmail.com,288-804-5505x2599,1997-07-31,"1633 Mendez Loaf Suite 203
New David, WI 98135"
89,Michele,Hudson,oobrien@gmail.com,9693320223,1973-04-13,"71758 Thomas Mountains
Millerbury, DE 89750"
90,John,Contreras,lewistim@gmail.com,0744964997,1961-06-06,"6796 Gilbert Stream Suite 102
North Suzanne, CO 24813"
91,Michael,Gray,salazaraaron@palmer.com,001-906-621-1140x3940,2002-11-27,"25347 Reed Valley
Tonyaland, CA 46873"
92,Cameron,Hudson,michaelgibson@hotmail.com,(323)066-9336x002,1958-05-06,"285 Debra Gateway Suite 071
South Cassandramouth, SD 92882"
93,Debbie,Payne,petersonadam@hotmail.com,391-849-2762,1982-06-19,"30855 Glen Light
Jamesstad, IL 92050"
94,Joel,Drake,santiagotyler@villanueva.biz,+1-228-749-1282x8967,1957-07-07,"253 Gregory Extension
Lake Bryanland, AK 52510"
95,Charlotte,Banks,stephen19@brown.com,878-921-9677x1022,1959-01-23,"6367 Shane Station Suite 292
Port Debra, WI 17263"
96,Brenda,Cummings,moodyrichard@meyer-poole.net,001-624-538-7846x592,1974-02-21,"0881 Derek Oval Apt. 636
Virginiahaven, AL 45843"
97,Michelle,Dean,frank22@gmail.com,+1-451-264-4052,1952-06-06,"16176 Wesley Canyon
Kimmouth, MD 80345"
98,Katherine,Wright,xjacobs@le.info,2308224523,1953-12-31,"Unit 4012 Box 7989
DPO AE 13166"
99,Roger,Deleon,donald37@hotmail.com,001-059-002-9266x217,1985-08-23,"USNV Wright
FPO AA 25105"
100,Justin,Schroeder,patricianelson@gmail.com,337-698-1245x37076,1980-05-09,"9948 Tucker Branch
North Anthonyshire, NV 68428"
101,Pamela,Rodriguez,swood@gmail.com,482-182-5444x210,1954-05-13,"5264 Erika Estates Apt. 719
West Douglas, NJ 73836"
102,Alicia,Edwards,melissa32@jackson.info,001-003-718-7746x89337,2004-06-12,"729 Martin Orchard Apt. 601
East Carl, NC 27792"
103,Jessica,Hanson,crystalcox@king-middleton.com,868-188-3914,1958-05-29,"USCGC Fitzgerald
FPO AP 50165"
104,George,Underwood,gonzaleshector@gmail.com,139.340.2091,1968-01-15,"9737 Mckenzie Avenue Apt. 905
West Karenfurt, CA 59034"
105,Kenneth,Anderson,reidanne@moore-ruiz.com,+1-322-920-6834,1997-08-11,"56731 Ochoa Roads Suite 278
Port Ernest, AR 58024"
106,Lisa,Webster,rosetimothy@yahoo.com,316.615.2903x403,2004-10-15,"PSC 4439, Box 2787
APO AE 06938"
107,Brent,Diaz,williammanning@mcintyre.com,(665)515-7535x2990,1976-06-02,"2215 Michael Throughway
Morganport, KS 58142"
108,Matthew,Herrera,glassstephanie@yahoo.com,471-382-2968x4805,1986-01-28,"32207 Wilson Springs
West Tanyatown, IL 23485"
109,David,Moore,zdunn@hotmail.com,001-722-293-9247x77114,1996-05-24,"993 Ellen Land
South Jefferytown, WI 62240"
110,Catherine,Holt,jennifer54@yahoo.com,(990)845-7465x62139,1952-09-02,"638 Adriana Terrace Apt. 136
Donaldborough, KY 04531"
111,Matthew,Woods,todd36@yahoo.com,944-719-5832x9037,2005-11-24,"666 Carpenter Forest Suite 608
West Leah, GA 73853"
112,Melissa,Yoder,mccluretaylor@jordan.org,+1-298-749-2223,1944-10-16,"203 Atkins Parks
West Brooke, NJ 12722"
113,Patrick,Woodward,bwolf@lopez.com,001-341-825-0324,1993-03-03,"3543 Sarah Burgs
East Shirley, CA 30285"
114,Amy,Chan,kyle71@tapia-lee.biz,593-394-7327x367,1944-04-23,"1323 George Stream Apt. 749
Nicholasstad, IL 95198"
115,Kristen,Sawyer,wooddavid@johnson-erickson.net,(811)034-6286x2666,1948-09-13,"USS Holloway
FPO AE 52459"
116,Billy,Young,rfitzgerald@yahoo.com,+1-585-813-5368x95017,1975-05-18,"64720 Carpenter Circle
Josephside, NC 88261"
117,Chelsea,Crane,vowen@gmail.com,300-687-7961x537,1994-08-20,"USCGC Watkins
FPO AE 23084"
118,Mary,Reilly,brownmicheal@turner.com,(548)870-0254,1971-06-14,"4523 Campbell Trafficway Suite 362
Castroshire, FL 31747"
119,Fred,Martinez,martha30@yahoo.com,+1-136-961-4261x81790,1952-08-24,"1346 Daniel Views Apt. 034
North Ronaldburgh, IA 44283"
120,Anthony,Nelson,sandra96@brown-lee.info,+1-999-525-9452x06553,1987-01-07,"180 Robinson Stream Suite 218
Hernandezfurt, VA 17952"
121,Jermaine,Butler,jamie46@mckay.com,739.760.7271x728,1967-07-21,"1397 Jones Mountain Apt. 669
West Melissachester, MD 43922"
122,Mason,Taylor,langjessica@gmail.com,(646)148-4681,1955-09-13,"Unit 1188 Box 9053
DPO AE 51182"
123,Kenneth,Velez,galvanrobin@cummings.com,9016758010,1998-04-12,"682 Murphy Burg Suite 868
Michaelbury, NC 19527"
124,John,Lyons,donaldlane@hotmail.com,(752)077-8625x75411,1983-06-06,"2102 Anderson Square
North Lauren, LA 08492"
125,Richard,Prince,erikataylor@hotmail.com,+1-922-940-7168,1997-09-08,"992 David Expressway
Wallacemouth, IL 09402"
126,David,Hoover,lsanders@freeman.net,(320)950-1028x3874,1956-05-23,"5082 Espinoza Valleys Apt. 214
New Jacobview, CA 36611"
127,Daniel,Anderson,sydneyrichardson@wagner.com,+1-660-571-8226,1969-03-27,"PSC 4604, Box 1065
APO AA 84660"
128,Emily,Stewart,stacyreeves@woodard.org,+1-018-823-0612x89329,1997-11-19,"2890 Paul Port Suite 361
Loweville, FL 07308"
129,Charles,Owens,vangkimberly@hotmail.com,(865)159-5207,1950-11-21,"76390 Davis Crossroad
New Steven, KY 64966"
130,Douglas,Guzman,lisa70@gmail.com,+1-087-341-7423,1981-07-23,"7312 Cody Canyon
Port Dana, MS 76114"
131,Matthew,Wagner,millermichelle@gmail.com,4139331638,1979-06-16,"0912 Loretta Fort Suite 125
Mcfarlandview, WV 58577"
132,Tammy,Martin,jmartin@hotmail.com,(466)443-8843x55022,1961-11-13,"2580 Harris Crest Suite 665
Holderborough, ND 21902"
133,Steven,Richardson,jaredspencer@yahoo.com,320-348-3194x73214,1968-11-03,"4898 Melissa Key Apt. 565
Gillland, ME 46597"
134,Paul,Jackson,bennettnathan@dixon.net,637.702.5088x5993,1952-01-28,"13438 Smith Oval
Sarahbury, TX 62446"
135,Katie,Rangel,amueller@smith.com,001-460-084-1761x0755,1972-10-10,"004 Lindsey Parkway Apt. 377
West Sandramouth, TN 38156"
136,Jennifer,Carter,lchan@miller-hammond.org,5710074847,1995-08-27,"68925 Stephanie Island
Port Alexandermouth, ME 45155"
137,Richard,Davis,umclaughlin@bates.com,726-444-6721x65850,2002-11-24,"38172 Rebecca Manors
Port Jessefurt, CO 39930"
138,Joanna,Rodriguez,darlene97@hill-tucker.info,392-244-4938x4345,1957-11-22,"67332 Navarro Rapids
Danielfort, KS 25147"
139,Derek,Allen,mbullock@gmail.com,553.735.0113x089,1947-10-19,"5938 Garcia Brooks
West Kennethshire, MO 01409"
140,Andrew,Wilkins,jessica34@wallace-cox.biz,212.916.2588x8016,1946-12-08,"8298 John Way
Hopkinsville, OK 73524"
141,Jeffrey,Serrano,joshua41@wilkins.biz,948.187.0832,1965-03-23,"6540 Roberts Parkway
Richardport, IL 68421"
142,Donna,Mason,raymond09@mckenzie.com,+1-362-386-2135x39775,1973-10-25,"58080 Jones Flats
Port Kyle, CA 96007"
143,Sarah,Hart,lgonzalez@griffith.org,0673398765,1961-01-31,"4743 Nash Gateway Suite 430
Martinberg, AR 44791"
144,Joshua,Carr,bwashington@hughes.com,635-114-8971x114,1943-11-06,"03042 Yoder Stream
North Timothychester, WA 88860"
145,Julian,Ortega,bethcasey@hotmail.com,932-807-5663x89217,2000-09-11,"861 Duncan Pass Apt. 862
Aliciahaven, FL 35881"
146,Travis,Ellis,anne39@james.com,+1-980-199-0854x57807,1987-03-12,"5484 Lori Fall
East Shawn, NH 49149"
147,Jeffrey,Sellers,archerdawn@romero-anderson.org,(979)981-1729,1997-07-22,"88926 Mendoza Stravenue Suite 560
Grayport, ND 52037"
148,Thomas,Gallagher,tracey90@yahoo.com,(178)773-3276x013,2003-12-04,"576 Timothy Station Apt. 388
Port Harry, ME 88689"
149,Carol,Koch,robersoncheryl@lee-johnson.info,0370430532,1959-10-01,"67997 Melton Ramp
Richardshire, CA 46316"
150,Luis,Dunlap,alice35@martinez-cardenas.org,(132)467-6314,1968-09-17,"33608 Christopher Flat Suite 810
Port Nicholasstad, LA 90522"
151,Maureen,Osborne,hmason@ferguson.info,(659)898-1542x8679,1969-04-14,"Unit 1825 Box 4604
DPO AP 07812"
152,Aaron,Valdez,castrorodney@gmail.com,008-773-7119x6614,1975-01-23,"6470 Kimberly Mills
New Kyle, NC 89569"
153,Christopher,Dominguez,matthewallen@compton-bradley.biz,707.575.2524x0021,1956-10-18,"05281 Thomas Port Suite 888
Richmondborough, NV 81013"
154,Jessica,Adams,collincarter@walker.com,001-460-096-3413x8092,1969-10-19,"2359 Torres Mills
Ashleymouth, VT 90553"
155,Lori,Mccarthy,ukim@gmail.com,967-308-1794,1960-05-03,"49538 Giles Villages Apt. 375
West Elaine, AR 65338"
156,April,Graham,johnsonmarissa@hotmail.com,287-764-8293x76631,1974-01-19,"PSC 0852, Box 6120
APO AE 91345"
157,Timothy,Noble,dsantana@harvey.com,251.179.2809x6823,1986-05-04,"100 Faulkner Prairie
Hernandezhaven, GA 05214"
158,Frederick,Hall,camachobryce@hotmail.com,788.046.0174x613,1944-10-19,"45421 Watson Center
Port Kennethfort, MA 96038"
159,Lisa,Watson,fjohnson@yahoo.com,001-411-817-3388,1948-10-19,"91971 Anderson Forges
Rodrigueztown, AK 87459"
160,Jermaine,Powell,kim32@green.com,001-975-668-2303x77812,2004-11-29,"6080 Robinson Freeway Suite 069
Loveborough, VT 56817"
161,Denise,Rosales,kelseyhoward@yahoo.com,(664)361-4366x4788,1975-11-03,"82631 Jennifer Greens
West Chadville, SD 18253"
162,Anna,Wilkinson,samanthamays@jackson.com,194.474.1243,1975-06-10,"88824 Ryan Lodge
Christopherport, NE 80438"
163,Frederick,Morris,wsanders@gmail.com,(344)933-9450x809,1968-06-08,"9813 Young Prairie
North Dustinburgh, SC 99799"
164,Samantha,Villanueva,donnapeterson@rosales-oliver.com,737.928.8674x87057,2003-01-29,"930 Gates Bypass Apt. 903
Johnsonstad, IN 73925"
165,Keith,Hunter,ohansen@hotmail.com,(003)755-1934x53179,1955-06-24,"927 Tina Crescent
Anthonyfurt, WY 27699"
166,Sarah,Bradford,jacksonrobert@hotmail.com,(194)875-1010x41056,1950-06-20,"7230 Jackson Mountain Apt. 097
Port Matthew, UT 24460"
167,Maria,Wilson,zhanson@yahoo.com,(641)754-4385x0549,1952-05-19,"604 Blackwell Station Suite 191
Onealmouth, OK 59778"
168,Kara,Rice,chenry@boyle-romero.com,001-734-591-8706x046,1989-07-06,"617 Rodney Mountains
Port Lisa, CO 35010"
169,Robert,Chen,donald98@yahoo.com,001-226-706-2588,1994-01-18,"545 Wright Lakes Apt. 419
Brandyshire, AL 88441"
170,Angela,Cochran,erodriguez@gmail.com,237-366-1635x7015,1997-03-21,"33158 Timothy Plaza Suite 598
East Jesseview, NH 89286"
171,Jennifer,Brown,jlopez@gmail.com,874-170-1422x11098,1951-07-18,"386 Wilkinson Port
Port Samantha, DC 30719"
172,Bradley,Evans,felicia81@hotmail.com,351.144.7653,1995-01-14,"76867 George Parkways
Port Dorothymouth, SC 17918"
173,Robert,Jordan,grimesalan@gmail.com,682-061-0898,1955-09-01,"38926 Weaver Views
Lauratown, UT 76158"
174,Sarah,Benjamin,bhill@hotmail.com,3807647275,1990-07-02,"530 Eric Walk Apt. 595
East Jason, CT 78839"
175,Karla,York,amiller@andrade.info,+1-938-473-7407x312,1977-08-04,"157 Daniel Lights
North Nicholasmouth, MA 50134"
176,John,Allen,contrerasmegan@jackson-shelton.com,(060)182-6372,1984-12-04,"6379 Megan Stream Suite 277
Port Crystal, SC 49719"
177,Nicole,Roberts,howardemily@hotmail.com,001-278-006-5390x989,1989-05-10,"47444 Alexa Drives
Lake Theodorestad, MO 55466"
178,Vincent,Scott,david16@cole-scott.biz,+1-028-005-2825x935,1984-01-05,"PSC 9391, Box 2162
APO AP 66877"
179,Cynthia,Klein,dustinball@arnold.org,(214)258-7943x38711,1974-04-09,"792 Jones Rue
East Larrychester, CO 20409"
180,Melody,Thomas,osbornethomas@fry.com,382.120.9128x9353,1948-10-21,"834 Barr Garden Apt. 045
Palmerhaven, MA 44377"
181,Maxwell,Smith,gregorymitchell@aguilar.com,001-817-462-6387x0655,1965-01-07,"49133 Edwards Wall
Harriston, HI 41217"
182,Andrew,Aguilar,imendez@hayes.com,+1-748-343-6778x562,1972-07-03,"774 Fields Valley Apt. 630
East Jennifer, ME 58158"
183,Kenneth,Miller,nicolehowell@woodward.org,(871)763-6623x139,1979-11-02,"2528 Timothy Pass
Thomasland, MS 38819"
184,Randy,Davis,adamsullivan@anthony-flores.org,+1-781-373-9641x720,1961-02-02,"58243 Melanie Tunnel
Smithfort, MI 82194"
185,Anne,Harrington,benjamin08@garrett.com,233.318.6474x860,1971-08-01,"0335 Wu Trafficway Suite 764
Pooletown, DE 36693"
186,Gina,Mccoy,janice23@hotmail.com,(480)046-2742,1962-12-08,"2512 Katherine Fort Apt. 879
Coleland, NM 67663"
187,Olivia,Stuart,davidhenry@yahoo.com,001-077-339-7399x478,1965-12-25,"14476 Ross Mountains Apt. 778
Randolphbury, MA 68371"
188,John,Vaughn,phyllisnelson@yahoo.com,621-919-1063,1972-08-24,"776 Scott Islands Apt. 751
Marymouth, OK 45984"
189,Jeremy,Peterson,kbarnes@gmail.com,065-626-2370,1974-07-14,"37329 Kimberly Key Suite 796
Trevinoborough, MS 70141"
190,Paul,Rodriguez,matthew94@sullivan-johnson.org,001-143-618-9608x01452,1989-05-23,"2246 Holly Mills
New Derek, WV 69328"
191,Robert,Williams,hernandezcarlos@smith-conway.com,(493)677-6951x988,1965-07-22,"233 Carrie Place Apt. 625
New Megan, AK 31126"
192,Anthony,Best,williamerickson@gmail.com,001-450-555-6910x76921,1953-05-19,"128 Warner Spur
West Anthonyside, KY 11205"
193,Megan,Jensen,nicholsbrittany@hotmail.com,+1-288-585-5698x3257,2002-02-10,"7687 Jones Plains Apt. 554
East Keithton, IN 14012"
194,Rachel,Mendoza,lbranch@rollins.com,840-327-4430x761,1978-01-28,"475 Mary Bypass Suite 744
New James, IN 06352"
195,Kristin,Kelley,munoztyler@hotmail.com,+1-818-648-5808,1991-05-19,"366 Christina Green
South Nicole, RI 93698"
196,Amanda,Lee,margarettaylor@robbins-fleming.org,+1-213-762-6754x34983,1965-12-28,"2746 Justin Mission
East Williamchester, MO 55826"
197,Susan,Hull,paigelin@hotmail.com,001-906-183-0852x8585,1991-03-23,"55765 Felicia Spurs Suite 921
Brianview, KS 90181"
198,Cassandra,Kelley,rogerwade@hotmail.com,922-943-2502x37628,1946-12-08,"47626 James Fork
New Katie, MD 21440"
199,Sarah,Whitaker,zross@yahoo.com,001-333-631-1992x5492,1969-04-28,"1458 Shaw Tunnel
East Craig, MO 64282"
200,Robert,Hickman,bridgetwheeler@weber-robinson.com,057.793.5728x8795,1966-12-02,"76595 Devon Station Apt. 390
South Manuelmouth, KY 38837"
201,Peggy,Palmer,thomasjohn@yahoo.com,1824453264,1988-09-13,"74311 Deanna Path Suite 109
West Patriciabury, AR 86856"
202,Robin,Werner,fbutler@gmail.com,+1-006-964-9742,1992-07-22,"676 Jared Dale Suite 886
New Samantha, IA 39052"
203,Alexis,Singh,wattsjamie@gmail.com,001-739-230-6423x233,1999-01-22,"5269 Reed Causeway
New Rachel, WI 41049"
204,Tonya,Armstrong,wileylaurie@hotmail.com,+1-935-136-5967x1725,2002-12-31,"Unit 8930 Box 8899
DPO AP 83731"
205,Margaret,Graham,campbelljonathan@gmail.com,001-637-105-3377x338,1975-01-16,"3671 Allison Road Apt. 093
West Ericaville, MS 87076"
206,Robert,Bailey,dylanbarnes@taylor.com,634-056-9406x41580,1967-04-29,"5111 Amanda Square
Port Davidport, TN 65014"
207,Michael,Perez,turnerlaura@bentley.com,9071045861,1971-01-03,"212 Logan Turnpike Suite 007
Flowersside, SC 62700"
208,Antonio,Castillo,dgutierrez@bailey.com,743-833-5476x7640,1955-06-19,"5007 Ford Vista Apt. 073
West Chelseaberg, NY 84527"
209,John,Nixon,jasminejordan@yahoo.com,163.087.2457x7738,1958-01-24,"5069 Susan Lake
Gomezburgh, NM 83581"
210,Douglas,Hammond,katherineelliott@phillips.com,936.530.5808,1982-07-01,"27668 Marshall Flats
South Melissabury, MD 77664"
211,Carlos,Washington,mkelly@morrison.info,001-044-394-3211,1974-11-21,"201 Thomas Tunnel Apt. 509
Johnsonton, NC 98574"
212,Jack,Pham,awalters@lutz.com,(188)964-1812,1958-11-07,"USNV Nicholson
FPO AA 41779"
213,Stephen,Pierce,pgonzales@howard.com,001-523-857-0346x9325,1982-04-23,"5808 Gutierrez Tunnel
Heatherville, AK 23898"
214,Jesse,Kline,davidvelez@yahoo.com,4465088993,1983-07-17,"36284 Alexander Meadows
New Erin, ND 82689"
215,Jennifer,Torres,ghouston@hotmail.com,(435)987-0244,1995-02-22,"5819 Wiggins Squares Suite 766
West Jenniferview, TX 15769"
216,Robert,Frederick,amber62@gmail.com,+1-367-109-4776x82169,1978-03-18,"05402 Garcia Skyway Suite 851
Sarahfort, OK 38584"
217,David,Schwartz,bwang@nixon.com,0695887981,1950-06-12,"7859 Olivia Haven
Richardburgh, WA 48298"
218,James,Simmons,justin70@cox.com,1423156395,2003-11-11,"696 Logan Extension Suite 381
Chavezburgh, MA 89534"
219,Keith,Bradshaw,lindseyzachary@fisher.com,001-795-047-6210x5057,1981-08-18,"43898 Miller Causeway
Robbinsmouth, MT 84480"
220,Sarah,Thomas,cindyacevedo@davis.org,078-510-6550x970,1975-08-24,"2776 Jamie Knolls Suite 180
Melanieport, AK 91910"
221,Jennifer,Mitchell,smorris@yahoo.com,001-019-239-9916x70690,1990-07-26,"09886 Michael Road
Jameshaven, WI 44946"
222,Troy,Reyes,luis60@curtis.biz,+1-602-276-9958,1976-07-30,"38440 Richard Coves
North Veronica, TN 08534"
223,Victoria,Ellis,jason95@reed.com,316.822.4324,1976-01-31,"2620 Bailey Avenue
Lake Veronica, GA 57717"
224,Elizabeth,Gonzalez,denise39@gmail.com,(963)772-5392x4717,1997-06-09,"24822 Jackson Wall Suite 691
Port Wendy, LA 80312"
225,Holly,Stein,ldavis@gmail.com,(313)202-7511,1989-09-16,"06149 Stewart Estate
Toddville, MD 61899"
226,Cheryl,Miller,yjones@hotmail.com,4877839399,1995-08-04,"41675 Richard Ville
West Juan, IN 53375"
227,Erin,Webster,kbean@yahoo.com,001-798-597-7979x2923,1978-03-22,"665 Thomas Islands Suite 612
West Madison, AZ 01129"
228,Eric,Goodman,jasmine86@price.com,001-939-588-9823x5156,1949-01-23,"58871 Elijah Passage
Fordborough, OH 06584"
229,Dennis,Lewis,ericpace@yahoo.com,211-367-7959x425,1990-06-27,"3148 Golden Spring
Lindachester, FL 07674"
230,Eric,Kim,adam34@yahoo.com,726-651-2325x7808,1944-04-20,"038 Hurst Rapid
South Lesliehaven, NJ 41716"
231,Micheal,Adams,tammycarpenter@hotmail.com,+1-796-803-0632x26768,1970-02-16,"360 Emily Summit Apt. 614
West Jimmy, WA 19319"
232,Lori,Smith,murphyjames@yahoo.com,001-862-402-4483,1979-02-03,"518 Karen Mountains Suite 181
Briannachester, NH 21618"
233,Paul,Jones,monica65@brooks.com,9660845519,1999-11-13,"229 Anderson Mountains
Taylorchester, MS 44451"
234,Steven,Owens,dsmith@hotmail.com,001-970-422-4121x334,1999-12-18,"64570 Andrea Junction
Brownfurt, OH 13357"
235,Jose,Washington,yfields@yahoo.com,+1-044-331-1079x9153,2003-07-24,"48271 Julia Ridge
North Samantha, KS 44949"
236,Brianna,Watson,janeaustin@yahoo.com,001-813-970-0325x74191,2005-07-12,"19426 Elizabeth Ville Apt. 356
Jonesview, PA 65895"
237,Gregory,Mcdonald,jamie46@johnson.biz,+1-694-143-2126x38743,1984-08-31,"26078 Johnathan Trail
East Frank, AK 64897"
238,Paula,Hendrix,luke74@gmail.com,147-604-1635x580,1958-08-04,"947 James Neck Suite 514
East Dianaville, HI 43606"
239,Jennifer,Morton,ojohnson@rojas-shaw.biz,001-948-622-6782x6457,1996-03-21,"924 Sanders Glen
Leslieville, IA 03769"
240,Dana,Joseph,cindytaylor@gmail.com,+1-802-377-6012x890,1966-10-21,"5713 Davis Row
Danielland, SD 24329"
241,Ashley,Livingston,rbean@yahoo.com,390.032.3763,2000-02-29,"442 Joyce Drives
Kyleberg, OR 00817"
242,Jose,Caldwell,renee65@brown.com,1311657837,1990-02-17,"USCGC Davidson
FPO AP 06130"
243,Charles,Miranda,lisa31@yahoo.com,9130875865,1947-12-03,"6630 Freeman Isle
Lake Joseph, CT 17052"
244,Emily,Rose,taylorchristine@sanchez.org,+1-654-258-6277,1970-04-14,"48743 Cortez Pines
East Nicholaschester, WA 87792"
245,Mike,Brady,aclark@lee.info,062.266.6255x317,1944-05-28,"PSC 7749, Box 6615
APO AA 98281"
246,Brian,Miller,robinsonbrandi@moreno-kennedy.com,691-667-8984x134,1971-08-16,"05582 Rivera Cliff Apt. 731
Lake Cody, NJ 98403"
247,Ashley,Atkins,gonzalesmichael@beasley.com,(835)492-7306x3431,1979-08-12,"052 Richardson Court Apt. 584
East Elizabeth, KS 91956"
248,Michael,Kim,humphreydennis@gmail.com,341.457.6812,1997-03-30,"882 Blackwell Fork Apt. 226
Villafort, MN 26690"
249,Christopher,Sanders,lynnluis@yahoo.com,535-798-4863x655,1951-08-04,"PSC 9492, Box 3413
APO AP 87289"
250,Karen,Brown,diane77@johnson.com,(798)209-9901x310,1993-03-24,"PSC 7717, Box 1231
APO AA 22303"
251,April,Brown,petergonzalez@yahoo.com,423-940-5766,1963-11-27,"0999 Chase Meadow Suite 077
Port Gregoryfort, NM 54289"
252,Wendy,Richard,carlsoncynthia@russo-kim.com,189.467.5413,1975-04-22,"158 David Loop
North Alexanderburgh, ME 72896"
253,Gary,Sanchez,perrymaldonado@yahoo.com,991-331-5554x889,1959-04-22,"65777 Brian Springs
Christopherhaven, TN 08920"
254,Frederick,Smith,lauren42@barrett.org,+1-020-596-7667x7429,1956-07-22,"00321 Allen Mountain Apt. 418
Haroldport, CA 89893"
255,Christopher,Kim,johnrichmond@yahoo.com,846.441.2959x123,1998-04-17,"70479 Evans Roads Apt. 410
Jensenside, CO 02163"
256,John,Douglas,whernandez@cruz.net,703.194.0635,1989-05-13,"78821 Collins Squares Apt. 898
West Jeremy, MO 31694"
257,Jacob,Fuller,jamesvincent@best-huang.biz,(771)451-5119x365,1970-08-30,"38992 Mills Street
Wyattbury, LA 06173"
258,Timothy,Anderson,marcuschavez@glover-richardson.com,(058)514-5425x217,2001-05-16,"597 Kevin Springs Suite 321
Ariasville, UT 30581"
259,Cynthia,Parker,ashley80@gmail.com,(210)317-9478,1993-02-02,"3619 Jones Trafficway Suite 756
North Annatown, OK 36350"
260,Kristen,Lopez,qhart@rice-roth.com,4247170777,1948-08-04,"01307 Ritter Junctions Suite 077
North Timothyport, TN 49833"
261,Andrew,Hall,theodorejohnson@gmail.com,007-110-6335x320,1964-07-15,"910 Santos Route Suite 272
Cookshire, UT 61198"
262,Justin,Garrett,mgonzalez@yahoo.com,001-067-143-1648x642,1984-02-29,"8043 Richard Estates
South Jose, MA 06793"
263,Terri,Hawkins,raymondsmith@gmail.com,246-721-3533x091,1995-03-09,"523 Calderon Trail Suite 471
South Jessica, GA 61928"
264,Nicholas,Weaver,craig79@hotmail.com,(769)438-3443x11685,1951-12-28,"088 Chan Manor
Port Derekport, HI 36153"
265,Jeremy,Bishop,esmith@young.biz,552-998-0837x0694,1972-05-23,"PSC 7128, Box 3318
APO AA 39979"
266,Helen,Solis,chapmanashley@munoz.com,5106724367,1950-10-14,"063 Hernandez Harbor Apt. 043
Palmershire, NE 31905"
267,Sherry,Moore,jamiesanchez@gmail.com,001-095-397-6359x582,1946-08-18,"393 Sanchez Street Suite 244
Katherineshire, CO 52781"
268,Donna,Wright,matthewgreen@hotmail.com,001-388-490-0666x2771,1997-07-13,"0368 Nicholas Rapids Apt. 038
Stewartview, PA 23973"
269,Cheyenne,Bates,itucker@yahoo.com,+1-686-005-7816x612,1949-11-25,"708 Meyers Mills
East Phillipland, HI 79959"
270,Amanda,Frazier,jeffwheeler@gmail.com,089.220.9142,1991-03-17,"27582 Patterson Island
Michellechester, DC 18537"
271,Darlene,Miller,gordontravis@marquez.org,176.976.8743x05373,1964-07-11,"PSC 7628, Box 3214
APO AP 94226"
272,Brandon,Campbell,annawade@palmer.com,+1-266-256-1947x0128,1979-11-03,"505 Michele Falls
North Daniel, ID 56423"
273,Dawn,Gibson,edwinhendrix@davis-murray.com,758-689-8229x3240,1944-07-29,"53314 Lewis Heights
Port Sarah, WA 48458"
274,Dennis,Ayala,jennifer60@gmail.com,+1-648-642-9097x855,1967-11-26,"262 Christopher Forks
Amystad, AR 36762"
275,Joel,Walker,williamsdennis@white-butler.info,(117)936-9808,1958-01-28,"PSC 5508, Box 3322
APO AE 07053"
276,Kristin,Madden,hward@houston.com,240-669-5664x52432,1968-01-29,"612 Tammy Streets
Kennethmouth, VT 97339"
277,Peter,Smith,jeanette05@mills.com,+1-755-411-5456x924,1991-12-11,"PSC 3171, Box 4155
APO AP 56609"
278,Manuel,Guzman,mark68@carter-koch.net,324.668.2176x23897,1996-02-28,"12792 Shaw Wells Suite 766
North Nancy, NC 72664"
279,Leslie,Villegas,johncarter@torres.com,+1-139-418-2828x33033,1970-11-29,"Unit 5473 Box 1007
DPO AA 65351"
280,Jon,Bradley,lvillarreal@yahoo.com,4255554241,1983-07-10,"15277 Elizabeth Mountains Apt. 137
Drakeside, IN 23082"
281,Donna,Hoffman,perkinsisaiah@hotmail.com,001-363-484-8337x266,1975-09-25,"65647 Steven Tunnel
Dillonton, AR 57409"
282,Susan,Fuller,sandra67@yahoo.com,819.287.6734,1967-01-21,"681 Cassandra Manors Apt. 533
New Steven, WI 97629"
283,Catherine,Thomas,brandon41@jones-campos.info,264.381.8229x2217,1955-11-06,"560 Chapman Camp Apt. 160
North Heidi, WA 79107"
284,James,Cook,gsmith@ball.com,(566)302-8690,1979-05-09,"Unit 9725 Box 3783
DPO AE 98651"
285,Emily,Curtis,edward33@marsh.biz,+1-693-310-6757x072,1952-12-15,"814 Catherine Spurs
Veronicatown, NE 00804"
286,Anthony,Hampton,blanchardamber@hall.com,001-009-705-1446x2422,1960-05-05,"79598 James Falls
Garzastad, NY 61033"
287,Jessica,Carrillo,iwilson@yahoo.com,+1-297-839-0916x927,1992-09-06,"83060 Sierra Place Apt. 402
Adrianaton, WV 42465"
288,Michael,Drake,kellerjonathan@bradley-graves.com,617.437.6231x577,1986-10-08,"983 Perkins Trail
Wellsmouth, TN 58258"
289,Carlos,Eaton,bennettveronica@hotmail.com,001-228-753-4934x332,1992-09-29,"2791 Jason Mount Apt. 886
Brittanymouth, AR 88639"
290,Todd,Castillo,ronaldreyes@kelly.com,(329)481-8386,1971-06-01,"197 Tran Grove Suite 123
Escobarton, ID 99298"
291,Henry,Hayes,mikedavis@ross.com,+1-688-461-9967x962,1950-01-13,"USNV Cherry
FPO AE 03512"
292,Mikayla,Cox,nicole59@serrano.com,001-521-721-6934,1977-05-12,"5160 Robert Via Apt. 504
Lake Benjaminfurt, KS 29623"
293,Jonathan,Bryan,hannah26@gmail.com,001-376-950-8069x343,1990-12-14,"86807 Riggs Ferry
New Tiffanyburgh, MS 79934"
294,Dennis,Delacruz,joshuarodriguez@love-woods.biz,013-177-4480x91720,1959-04-07,"PSC 6649, Box 5178
APO AA 41706"
295,Ricardo,Olson,erica33@hotmail.com,(564)712-9771x899,1992-06-22,"311 Stephanie Parks
Port Shaunhaven, WI 72007"
296,Michelle,Carson,freemanscott@lawrence-robinson.info,(032)573-2156,1977-01-23,"916 Melissa Keys Suite 458
Dawnside, NM 64478"
297,Stephanie,Turner,sanchezmark@montoya.info,(461)895-8298x660,1959-07-31,"PSC 9517, Box 0830
APO AA 60925"
298,Jennifer,Avila,juan21@roach.com,1209328685,1943-11-26,"93010 Anthony Walks Apt. 834
Port Douglashaven, RI 15766"
299,Stacy,Smith,reneegibson@hotmail.com,851-241-5926x406,1986-04-03,"9376 Morrison Prairie
Wardfort, TN 07673"
300,Brandon,Nguyen,wileydiane@hotmail.com,001-901-228-6156x311,1967-09-28,"900 Brown Corner Apt. 912
Blanchardhaven, NH 77386"
301,Steven,Boyd,juan68@burns-howell.org,001-494-712-6809x39175,1995-05-18,"5267 Brown Expressway
Foleyfort, NJ 15087"
302,Mark,Haynes,dylan07@coleman.org,115.797.6885x109,2005-07-21,"7883 Smith Circles Apt. 908
Madelinebury, AK 66528"
303,Kathleen,Ellis,lauradavis@gmail.com,+1-738-848-3239,1961-02-13,"USNS Joyce
FPO AP 19748"
304,Janet,Murphy,tkeith@gmail.com,498-550-8554x3036,1956-05-09,"PSC 8012, Box 3053
APO AP 83363"
305,John,Welch,dixonmichael@gmail.com,292-609-4095x0283,1991-05-05,"PSC 6102, Box 4513
APO AP 07499"
306,Ronald,Stephens,fwells@robertson.com,305-072-4483,1996-02-03,"6318 Vincent Plaza Suite 163
New Thomaston, NM 52695"
307,Shannon,Gamble,michael88@yahoo.com,587-411-9070,1968-06-27,"09073 Cynthia Walks Suite 675
Lake Tanyastad, VT 08658"
308,Angela,Taylor,mlamb@brown.com,+1-560-305-7517x0808,1972-03-18,"159 King Harbor
Lake Chadfurt, DE 31823"
309,Jessica,Mcguire,matthew71@lang-bass.info,001-661-304-4928x613,1961-02-27,"75315 Smith Inlet
Michaelville, KY 47785"
310,Holly,Middleton,rlong@moore.com,088.176.6444,1976-09-17,"731 Leonard Ports Suite 462
Aguilarport, ME 60836"
311,Lori,Luna,fclark@gmail.com,9837120706,1966-11-26,"8932 Fritz Turnpike Suite 538
Mcdonaldville, IN 00820"
312,Larry,Fitzpatrick,tammylee@yahoo.com,+1-336-813-5475x6662,1958-01-04,"2969 Turner Ramp
West Katrinafurt, LA 94555"
313,Hector,Mercado,jcrane@gmail.com,001-175-574-7404,1998-01-15,"4311 Jimenez Lights Apt. 836
Port Christopherton, NJ 05714"
314,Jose,Duncan,wagnerlindsey@yahoo.com,9691795082,1993-11-02,"09725 Mason Loop Suite 363
Port Raymond, AK 18621"
315,Gary,Curry,michellerollins@schroeder-marshall.info,1788988636,1964-11-17,"PSC 1471, Box 5728
APO AP 08879"
316,Christina,Stewart,carolkramer@cox.com,001-902-457-2493x5408,1947-08-07,"3315 Taylor Village
West David, AK 50804"
317,Gregory,Williams,mitchelltorres@gmail.com,(317)867-5644x049,2000-08-26,"839 Gonzalez Glens
Parkermouth, HI 60981"
318,Melissa,Lara,jonathan76@hernandez.info,+1-797-956-5556x16846,1955-06-01,"248 Johnson Divide
Port Alexanderside, GA 17681"
319,Clayton,Vargas,lkelley@hotmail.com,269.997.3624x758,1968-10-28,"PSC 3518, Box 0043
APO AP 09253"
320,Joseph,Allen,jenniferwillis@acevedo.com,029-291-9896x7189,1968-07-21,"15192 Velez Plaza Suite 243
West Kurt, IA 23481"
321,Alex,Wolf,suzannelopez@dyer.biz,001-107-172-7654,1965-05-13,"4165 Margaret Garden
Danielborough, NH 15045"
322,Taylor,Arnold,katherine50@gmail.com,+1-826-878-8465x9770,2005-09-10,"2698 Martinez Road Suite 031
Drakeside, DE 96114"
323,Ashley,Terry,ohernandez@martinez.com,307-092-5079,1972-10-10,"USS Burns
FPO AE 92597"
324,Jorge,Davis,janice86@yahoo.com,(836)724-9736,1954-07-25,"0314 Daniel Landing Suite 182
North Jennifer, UT 33093"
325,Colleen,Garrett,jeffrey12@moreno-thompson.com,001-453-262-2642x673,1993-02-13,"USNV Martinez
FPO AE 36683"
326,Robert,Lowe,fgross@yahoo.com,(707)724-3450x051,1985-01-09,"58495 Tracy Mountain Suite 797
Holmesberg, CA 31706"
327,Jody,Mata,lambertsamantha@maynard.info,(727)019-7787x82622,1988-12-13,"68071 Barr Roads Suite 587
West Mark, ID 15655"
328,Rebecca,Gilbert,william56@gmail.com,001-249-626-9235,1985-08-27,"3625 Nicole Junctions
West Jamesburgh, MT 60896"
329,Sophia,Mclean,rdavies@yahoo.com,000.603.0515,1947-10-31,"3869 Raymond Ramp
East Michaelaborough, ID 33428"
330,Jacob,Mora,adamsmith@yahoo.com,099.785.6065,1994-02-25,"830 Alison Parks
Stevenside, WI 18038"
331,Linda,Smith,ujohnson@stone.com,012.791.5981x197,1958-01-28,"848 Leonard Squares
Curtisport, OR 17676"
332,Colleen,Dunn,kelly60@yahoo.com,(556)316-0810x84600,1989-09-21,"059 Wayne Harbors
Melaniefort, NC 65170"
333,Mary,Stevens,gonzalezdan@yahoo.com,665.688.3029x02563,1991-02-26,"816 Wang Brook Suite 829
Reneechester, MA 34747"
334,Michael,Jordan,gjordan@kline-hughes.com,187.280.1606x047,2001-05-06,"186 Carol Fork
Baileystad, IA 84245"
335,James,Schwartz,saunderschad@stevenson.com,719.820.9000x616,1999-04-10,"442 Stone Canyon
South Andrewborough, AZ 70783"
336,Kenneth,Lewis,sanderssara@hotmail.com,(962)853-0189x1999,1972-05-24,"436 Anthony Ways Suite 511
Mcconnellton, NE 59131"
337,Gregory,Bullock,dblevins@yahoo.com,(576)474-1503,1946-03-06,"7303 Murray Street Apt. 851
New Kevinton, ID 33534"
338,Kathryn,Norton,debrawright@obrien.biz,514-565-5407x4073,1976-02-13,"PSC 7505, Box 7625
APO AE 86762"
339,Alexis,Sanchez,mwhite@hotmail.com,001-680-930-3943x690,1970-03-23,"76941 Ellis Lodge
Alvaradoport, OK 23475"
340,Elizabeth,Wood,richardbradford@reeves.com,(932)941-5352,1980-11-29,"186 Brent Club Apt. 695
West Toddberg, VA 85051"
341,Danielle,Wells,susanstanley@yahoo.com,705.325.4426,1954-07-19,"7413 Perez Alley
Martinezfort, GA 92605"
342,Diana,Smith,kelseysnyder@pace-hill.org,6066204334,1949-08-11,"5721 Julia Island Apt. 887
Lake Alice, CA 80443"
343,Sarah,Williams,dominguezjesse@yahoo.com,682-844-8687,1987-09-05,"6014 Michael Creek
New Jennifer, NM 55571"
344,William,Newman,katherinehubbard@blake.com,319.330.6857,1959-01-02,"1367 Pratt Key
Jamesfort, IL 88368"
345,Amy,Stafford,april27@williams-martin.info,001-856-060-6178x6242,1948-03-06,"738 Larsen Mountain Apt. 711
North Christopherchester, AK 69273"
346,Holly,Powers,wilsonnatasha@tucker.com,(723)409-5017,1963-09-11,"115 Jessica Harbors Apt. 405
East Jorgeberg, PA 03030"
347,Jason,Flowers,joseph59@gonzalez-moore.com,830.599.9700x462,1971-03-11,"Unit 2543 Box 0204
DPO AE 84548"
348,Ashley,Pitts,moorerandall@hotmail.com,001-250-277-8181x1424,2002-05-06,"663 Matthew Alley Apt. 495
Brownton, NC 64664"
349,William,Webster,laurensmith@hotmail.com,001-337-226-5774x543,1993-10-09,"1189 Dunn Radial Suite 040
Beckerfurt, NV 94251"
350,Theresa,Grimes,mbarnes@leonard.info,984-439-0158,1978-10-08,"1465 Adam Mountains Apt. 576
Loriview, NC 97495"
351,Michael,Bryan,jennifercastillo@robles.com,0035994253,1997-06-01,"968 Chavez Mission Apt. 035
West Amber, ID 79099"
352,Joshua,Watkins,bellkelsey@rowland.com,(328)311-8886x8227,1956-04-20,"566 Chung Shoal
Woodsborough, FL 73039"
353,Autumn,Lewis,showard@martinez.com,001-860-036-9423x751,1998-03-05,"56734 Frazier Light
Victoriaville, MA 57933"
354,Erin,Turner,marcia75@smith-kelly.info,+1-271-859-8977,1968-03-31,"39955 Tucker Mountain Apt. 232
Beckport, VA 70479"
355,Kyle,Vega,timothy64@yahoo.com,704-215-5639x032,1990-07-14,"236 Diana Parkway Apt. 355
Trevorborough, NE 76993"
356,Lance,Hamilton,hbauer@gilbert.org,001-156-105-5200x81595,2001-06-22,"83432 Medina Falls Suite 972
Alyssastad, MA 54901"
357,Jessica,Conrad,rolson@mcmahon.biz,001-503-608-1369x307,1969-09-10,"Unit 0538 Box 7606
DPO AP 50351"
358,Heather,Gonzalez,qbyrd@stone.com,+1-743-192-4386x925,1957-07-13,"6018 Rebecca Island Apt. 713
Poolestad, WI 91902"
359,Brandi,Williams,qruiz@flores-richardson.com,384-653-3498,1944-10-13,"0501 Thomas Spurs Apt. 726
Port Patricialand, GA 47070"
360,William,Moody,carolynhardin@gmail.com,093-523-7846,1957-04-07,"Unit 2397 Box 4988
DPO AP 35635"
361,Austin,Phillips,reedkenneth@yahoo.com,870-361-0298x477,1958-02-05,"538 Craig Spurs
East Kimberly, FL 89299"
362,Jose,Jones,gary43@hotmail.com,155-285-9570,1963-05-23,"8091 Brittney Cove Suite 286
Pittsborough, ME 24125"
363,Carol,Robinson,xlynch@brown.com,589-493-1944x140,1977-07-07,"37356 Ortiz Divide
Port Adam, WI 74081"
364,Kara,Castillo,kristina53@gmail.com,001-344-825-9595,1969-02-17,"6399 Eric Landing
Kennethtown, AK 04673"
365,Carol,Koch,stevensbrian@sanchez.com,001-400-619-0916,2003-09-21,"USNS Mcconnell
FPO AA 27586"
366,Stacey,Ingram,portermichelle@mckinney.info,635.505.7936x1751,1985-08-25,"Unit 8703 Box 2158
DPO AP 06205"
367,Gail,Le,webbmatthew@woods.com,3193137201,1958-10-05,"669 James Spring
Mcclurefurt, NM 76779"
368,Steven,Evans,tina51@yahoo.com,103.004.1072x82682,1947-12-19,"147 Baker Ford
Brownstad, MO 33638"
369,Leslie,Mccann,jorgejackson@hotmail.com,266.992.0762x361,1979-07-01,"383 Ronald Isle Suite 596
East Kristinshire, NJ 79316"
370,Jennifer,Reed,knichols@hotmail.com,001-786-181-2590,1991-08-07,"PSC 4922, Box 9434
APO AA 61784"
371,Lisa,Gonzalez,willisbenjamin@yahoo.com,307-378-9781x3140,1970-10-20,"PSC 0730, Box 7083
APO AP 86447"
372,Ashley,Palmer,fmoody@hotmail.com,+1-699-037-6226x751,1966-11-07,"43689 Martinez Gardens Suite 721
Bruceville, ID 36012"
373,Kendra,Gonzalez,nhernandez@yahoo.com,425.575.1091x637,1961-04-20,"USNV Farley
FPO AE 59391"
374,Jennifer,Young,bishopwilliam@turner.com,(753)016-4983,1990-12-21,"059 Patterson Vista Suite 856
Port Randall, SC 62224"
375,Kellie,Leach,spencer67@mcknight.biz,(891)216-7054,1970-06-10,"60506 Omar Valley Suite 822
Kristinaton, MD 41050"
376,Lisa,Henderson,andrewsmith@gmail.com,+1-118-609-2917x458,1978-01-10,"5895 Judith Fall Suite 491
Lake Dawn, NH 05047"
377,Shannon,Higgins,alexandraramsey@jackson-scott.com,(554)779-6662,1980-01-09,"06255 Carol Terrace Apt. 341
New Pamela, IL 62582"
378,Amanda,Carlson,jenniferochoa@burnett.info,097-759-5629x7836,1997-01-03,"0080 Stanley Turnpike Suite 453
East Brittany, NE 92656"
379,Jennifer,Davis,branchsarah@yahoo.com,+1-593-754-3687,1957-12-27,"095 Underwood Cape Apt. 062
Bradleyhaven, CT 48988"
380,Samantha,Barrett,steven35@fleming-johnson.org,(902)888-3688x1496,1975-06-24,"7644 Davis Center
Lisaside, CO 50418"
381,Amy,Mercer,christopheracosta@west.com,1306633377,1965-05-21,"73611 Blake Run
South Cynthiafurt, SD 15051"
382,Cathy,English,jhayes@yahoo.com,783-648-7111x67099,1962-06-03,"1939 Acevedo Estate
South Lisaborough, WA 84078"
383,Randall,Johnson,ryan37@yahoo.com,+1-347-799-6069x7496,1990-04-28,"515 Stephen Island Apt. 094
East Emily, KS 98730"
384,Albert,Nicholson,dannymurray@gmail.com,381-766-0314,1963-05-12,"232 Robert Via
Lake Christianchester, SD 58497"
385,Chelsea,Taylor,pmitchell@burns.net,+1-949-592-1527x194,1964-02-13,"648 Espinoza Pine
Hillfurt, DC 70830"
386,Donna,Brady,barrjohnny@richardson.org,357-444-4220x41651,1994-11-25,"70364 Susan Junction Suite 250
Christophertown, CT 17934"
387,Mary,Martin,keithrodriguez@gmail.com,+1-587-081-0851x41657,1976-04-03,"PSC 4122, Box 8141
APO AE 29577"
388,Stephen,Wise,michellemyers@yahoo.com,375-182-4825,1976-08-04,"849 Phillips Stravenue
Maloneport, LA 33323"
389,Rhonda,Doyle,leachrachael@golden.com,001-228-426-3656x96746,1990-11-09,"4735 Michael Stream
West Jose, DE 68498"
390,Monica,Cannon,morgandeanna@erickson.com,362.514.6494x649,2006-02-27,"306 Alicia Village
Brianside, AZ 28613"
391,Nathan,Trujillo,fordcorey@frost.com,259.958.9978,1954-10-29,"66007 Krista Prairie Apt. 543
Patriciaton, IL 75339"
392,Kelly,Lee,robinmiller@hotmail.com,634-245-2474,1964-09-06,"58787 Green Ridges Suite 590
Claytontown, WA 43676"
393,Alan,Young,kdavis@chavez.com,+1-998-674-8296x564,2000-02-13,"49103 Ball Crest Suite 539
West Seanbury, IA 49496"
394,David,Aguilar,smithcarrie@yahoo.com,259-198-6445x686,1952-04-20,"091 Howard Corner Apt. 733
Estradaside, KY 74360"
395,Jody,Donovan,mccannjoseph@clark.com,038.134.4713x69719,1977-07-23,"70449 Sanchez Cove Apt. 057
South Lauraberg, CA 96494"
396,Emily,Estrada,bowmanbrenda@hotmail.com,001-504-185-2719x1193,1957-02-14,"6232 Thomas Mission
Yangville, IN 63230"
397,Jose,Gray,macdonaldchelsea@gmail.com,768-588-7005,1956-03-07,"94323 Newman Roads Apt. 115
South Jeffreybury, ID 11064"
398,Cynthia,Landry,nicholaswarner@yahoo.com,9801944177,1993-08-26,"6141 Paula Dale Apt. 216
New Kimberlybury, IL 60212"
399,Douglas,Wood,simonharry@carlson.com,691-029-0854x61139,1948-08-18,"568 John Fork Apt. 096
East Tim, MS 82269"
400,Heather,Gomez,eatonmark@harris.com,(695)552-2378x4662,1990-08-22,"Unit 7957 Box 9906
DPO AA 63594"
401,James,Nguyen,michaelwallace@gmail.com,105-760-3456x2598,2004-08-04,"8512 Alison Village
Beckfort, VA 34990"
402,Billy,Jackson,keith42@nelson.net,(752)114-1679,1966-04-09,"2989 Wade Junction
Rosefort, MT 20008"
403,Brian,Stewart,qmccann@yahoo.com,(878)690-8210,2000-01-21,"0015 Taylor Summit
New Grantside, UT 21180"
404,Robin,Brewer,ronaldclark@yahoo.com,670-944-6113x177,1991-08-22,"8191 Vicki Brook
East Jessica, UT 56293"
405,Mark,Carr,oscar53@hotmail.com,+1-962-584-4451x8964,1993-03-07,"31220 Chase Glens Suite 846
Davisville, PA 92537"
406,Joseph,Chapman,iwilliamson@mendoza-gonzalez.com,+1-535-252-7962x164,1973-03-12,"163 Davidson Prairie Apt. 132
Perkinsmouth, MN 19750"
407,Alec,Martinez,christine01@ramsey.com,(706)390-0661,1962-12-22,"318 Watkins Bridge Suite 224
Castilloshire, MN 83222"
408,Sarah,Williams,william11@yahoo.com,(350)813-7097x810,1952-01-30,"94250 Lindsay Parks Suite 615
Edwardsstad, VT 48518"
409,April,Butler,jason77@yahoo.com,(867)731-4279x41634,2006-07-13,"118 Ramirez Squares
Danaview, CA 29542"
410,Steven,Martinez,daughertyariana@gmail.com,001-319-965-0465,1995-12-03,"4794 Robinson Junction Apt. 322
Lake Ronald, CT 51550"
411,Benjamin,Miller,jhowe@robbins.org,+1-251-113-2767x464,1984-10-23,"USCGC Hart
FPO AE 74370"
412,Evan,Williams,andersondonald@hotmail.com,+1-899-893-6999,1983-06-26,"24010 Lewis Walks
North Taylor, VT 77526"
413,Kristine,Murphy,mooredavid@dunn.org,2022549965,1968-10-05,"5282 Amber Ranch Apt. 662
Sarahfort, NH 06301"
414,Sophia,Bridges,cynthia08@yahoo.com,(651)832-2196x106,1994-06-26,"505 Snyder Row
East Ginaport, KS 75987"
415,Shannon,Martinez,sotogail@gmail.com,(283)274-3135x91531,1980-03-14,"14808 Watts Way Suite 252
Velazquezmouth, WA 75862"
416,Alexandra,Griffin,dmcdaniel@gmail.com,006-532-1486x274,1976-02-01,"35128 Barnes Branch Suite 332
Erinborough, ID 92677"
417,Erik,Reed,allendonald@hotmail.com,+1-263-586-7810x1395,1954-06-29,"PSC 0503, Box 2010
APO AE 52235"
418,Jodi,Stone,paigedavis@hotmail.com,392.807.6984x315,1945-05-01,"3119 Andrade Parks
North Victorland, WV 10110"
419,Brooke,Ortiz,henryrhodes@blankenship.com,(244)921-0280,2006-09-11,"338 Vasquez Prairie
Port Nicole, CO 27132"
420,Brian,Thomas,cjimenez@krueger.org,427.393.8335,1983-05-27,"123 Robertson Roads
Lake Bradley, LA 58574"
421,Joseph,Cantu,ronaldmoses@baker.biz,929.741.9648x574,1962-01-10,"6834 Potts Squares Suite 016
East Tammie, WY 84807"
422,Lauren,Parker,billy47@meyer.com,336-486-8917x366,2002-01-21,"451 Martin Trace Apt. 642
Leeville, OK 01400"
423,Cameron,Long,guzmanwendy@johnson.com,613-393-7699x194,1944-08-30,"64514 Freeman Village Apt. 869
Woodfort, NV 51837"
424,Amber,Zhang,travisweaver@gmail.com,+1-339-407-8318,1974-03-05,"3954 Sarah Trace Apt. 844
Lucaston, MN 08301"
425,Michael,Morris,alexanderhenderson@gmail.com,8233946337,1972-12-10,"4038 Kelly Course
Allisonchester, IA 71393"
426,Brandon,Yu,laura39@campos.com,045-847-2354x28129,1953-04-22,"8866 Vazquez Creek Suite 089
New Sonya, IA 66419"
427,Eric,Cook,smithwilliam@combs-ford.com,001-546-961-0517x8804,1946-06-24,"41449 Theodore Prairie
West Emilytown, IL 13050"
428,Colleen,Norris,swansonsamantha@smith.com,672.850.2478x9010,1946-08-06,"992 Martinez Mill Apt. 435
Port William, MD 18992"
429,Joseph,Bridges,christopher53@smith.com,131-791-2490x197,2005-04-07,"7442 Jenkins Squares
Port Jennifer, LA 65752"
430,Suzanne,Woods,karenturner@johnson-smith.com,829.461.7536,1987-04-29,"6986 Joseph Bridge
Julieburgh, DE 01715"
431,Bryan,Carter,nicolewhite@gmail.com,662.848.3881x3978,1959-06-05,"69656 Miller Street Apt. 866
Oconnorborough, CT 02357"
432,Bryan,Stewart,zramirez@hotmail.com,(307)593-7770x97276,1964-04-27,"166 Zamora Rue Suite 017
East Miguelhaven, MD 52298"
433,Kevin,Yu,karen34@spears-lewis.net,309.076.9403x85275,1975-12-23,"13101 Tracy Motorway Apt. 503
South Sharon, MD 57149"
434,Kelly,Miller,beverly15@gmail.com,(671)037-8098x679,1958-08-10,"64558 York Port Apt. 015
South Glennborough, ME 52705"
435,Dylan,Cannon,dana92@hotmail.com,001-105-636-7945x871,1963-11-18,"4323 Evans Lodge Suite 751
West Tylerview, PA 07278"
436,Donna,Sullivan,wilsonangela@arnold.net,339.303.3384x2447,1992-07-13,"767 Timothy Valley Apt. 240
New Angela, IA 37681"
437,Mary,Gaines,katherine49@rivera.org,807.200.6212,1945-02-17,"PSC 2282, Box 4213
APO AP 59519"
438,Carrie,Evans,gregorywilliam@yahoo.com,001-340-237-7190x5505,1963-08-13,"89532 Kirsten Rue
Stephaniechester, DE 39347"
439,Linda,Gomez,conniebradshaw@hardy.com,001-190-505-9834,1996-10-02,"USNS Tapia
FPO AE 37671"
440,Brandon,Mcdaniel,xpruitt@turner.info,+1-920-034-9625x94091,2003-08-06,"12531 Leblanc Park Apt. 896
Port Laurenbury, MS 98503"
441,Vickie,Christensen,zacharyrobinson@marshall-smith.com,118.866.9487x21743,1948-09-22,"14239 Vazquez Haven
South Roger, IA 56488"
442,Ashley,Hartman,fosterfrank@schaefer-ryan.com,001-662-346-6673x55074,1985-02-17,"43849 Newton Route Apt. 996
Kellyfort, NM 59541"
443,Matthew,Campos,acompton@trujillo-gonzalez.org,848.019.1718x7959,1979-03-26,"229 Bradley Fall Suite 423
Jacksonmouth, TN 26848"
444,Ryan,Beltran,ryanamanda@gmail.com,299.167.6139x96034,1996-02-03,"298 Elliott River Suite 780
Andersonstad, GA 69171"
445,Jessica,Macdonald,troymorgan@shaw.com,001-189-817-1671x8937,1966-03-09,"Unit 6650 Box 2433
DPO AE 63992"
446,Todd,Smith,freemanshannon@austin.com,677-181-1662,1960-10-07,"32514 Brown Road Suite 800
Josephburgh, CT 79963"
447,Gina,Wallace,martinezmichael@cunningham.net,427-294-8995x57978,1953-04-06,"853 Hodges Freeway
Port Patricia, IN 34286"
448,Keith,Lin,scott16@hotmail.com,(852)325-1657x27192,1978-12-28,"566 Robinson Point
West Carriefort, NH 05492"
449,Samantha,Ibarra,emoreno@brown.com,4017750431,1993-01-14,"85927 Lori Route Apt. 491
Danieltown, MS 33897"
450,Taylor,Lopez,wcollins@hotmail.com,445-688-5666,2005-07-05,"955 Gonzalez Mall
North Blake, AR 04350"
451,Emily,Le,parkerryan@walker.com,+1-694-747-1799x6949,1973-09-06,"068 Cynthia View Suite 278
Kristychester, SD 32997"
452,Lauren,Jacobson,elizabethchung@gmail.com,001-330-595-6467x42738,1991-06-11,"5925 Jason Flat Apt. 261
Chandlerport, OH 49187"
453,Nancy,Holmes,benjamin43@hotmail.com,001-338-673-7420x499,1991-08-15,"02695 Ellis Common
North Jasontown, VT 28663"
454,Amanda,Burns,kriley@walls.com,435-523-0775,1985-06-26,"84489 Coleman Plaza
Mitchellfurt, IL 16277"
455,Bradley,Estrada,michaelandrews@smith-carr.com,(315)566-2226,1998-03-03,"20940 Nguyen Drive
South Jillborough, VA 02087"
456,Stephen,Griffin,thorntonann@yahoo.com,669-928-8780,1970-01-29,"PSC 6361, Box 1795
APO AP 29582"
457,Jesus,Day,nathan10@webb.com,001-760-436-2586,1978-01-07,"99644 Matthew Crossroad Apt. 386
Port Scottberg, LA 03805"
458,Evan,Brown,villarrealkristen@rios.com,001-733-544-3033x8940,1991-05-29,"PSC 5376, Box 2344
APO AP 39183"
459,Amanda,Morgan,lisaclay@estrada.info,+1-642-758-3537,1983-02-11,"8469 Moore Islands Apt. 097
Lake Jessica, NC 70976"
460,Deanna,Carr,chaseelizabeth@harris.info,001-546-490-0665x871,1985-09-11,"1145 Sanchez Station Suite 758
Robertshaven, OK 93595"
461,John,Bishop,david62@anderson.com,(126)962-6972,1977-11-23,"199 Henry Ramp Apt. 738
Port Samantha, ND 73624"
462,Eric,Pham,cprice@sanders.com,445-042-9125x50121,1988-07-10,"85342 Jones Landing
Parsonsburgh, NM 35973"
463,Robert,Brown,amanda11@hotmail.com,5553722697,1970-11-12,"0067 Parker Spur
Perryport, MO 97173"
464,Michael,Evans,jferguson@yahoo.com,(594)128-2581,1957-08-06,"3525 Logan Plain Apt. 183
Port Matthewmouth, MD 42455"
465,Deborah,Pacheco,zwarren@gmail.com,182-757-8027x48175,2005-09-22,"366 Yang Creek
Port Robertland, PA 83835"
466,Jennifer,Francis,devin61@cox.com,+1-773-200-5030,1962-06-05,"07705 Perez Mount Suite 875
Monicastad, WV 89765"
467,Kelly,Valencia,nyoung@gmail.com,587-438-9404x18831,1996-05-03,"6274 Rojas Flat Suite 914
North Michael, CO 45078"
468,Toni,Wheeler,erica55@jones.net,981.217.6355x9491,1946-10-31,"13280 Smith Brooks
North Michael, ND 35823"
469,Henry,Miller,juanmoore@gmail.com,845-975-2521x45792,1976-10-19,"201 Fitzgerald Greens
East Janiceland, VT 14251"
470,Debra,Rogers,oliverjulia@clark.info,+1-524-990-6730x9647,1962-02-25,"74797 Misty Square Suite 081
Billyside, VT 89000"
471,David,Perez,wandareyes@hotmail.com,001-639-624-8156x31108,1982-03-12,"018 Harris Plains
Padillamouth, IA 74333"
472,Erika,Campbell,fmorris@yahoo.com,+1-859-665-0777x21089,1988-07-01,"8026 Austin Trafficway
Hobbsbury, ID 16054"
473,Margaret,Petty,nwelch@yahoo.com,4072700966,1988-06-01,"186 Olson Avenue
Castanedabury, CT 66482"
474,Carlos,Parker,schwartzcarolyn@hotmail.com,+1-628-920-3103x3309,2001-04-28,"831 Christian Locks
Barnestown, NJ 38295"
475,Tricia,Harper,opotts@jones-waller.com,001-950-327-9760x74817,1992-12-05,"79390 Meyers Valleys Apt. 091
New Davidview, NH 02709"
476,April,Nelson,fyoung@yahoo.com,001-466-060-8299,1971-07-11,"48750 Buckley Courts
North Emilyland, NM 63376"
477,Luis,Wu,marydean@yahoo.com,2325894916,1946-12-26,"05583 Tanya Overpass
Bensonbury, RI 59860"
478,Timothy,Bush,david29@yahoo.com,+1-314-956-9297x145,1953-10-28,"84609 Connor Streets
East Daniel, KY 11528"
479,Lisa,Johnson,sharonjackson@williams-moore.com,493.300.6312x72704,1998-04-05,"910 Kaitlin Bypass
Dianastad, VA 85034"
480,Leonard,Benson,thomaswalton@hotmail.com,001-832-510-9666x350,1989-10-03,"1949 Roberts Brook Apt. 319
North Christine, VA 09537"
481,David,Serrano,jonathancruz@mccormick.org,001-303-300-7919x6639,1947-11-01,"3177 Angela Dam
Lake Heatherchester, AR 96445"
482,Carrie,Ryan,jeff87@yahoo.com,+1-673-260-9697x44451,1985-12-15,"00388 Schneider Crossing
Lake Jamieberg, IA 59659"
483,Emily,Webb,vanessa39@farmer-gomez.com,(071)383-2563,1986-01-23,"604 Hernandez Extension
Colemanhaven, GA 35145"
484,Richard,Ramirez,aaroncarter@martin.info,847.229.7040x7902,1957-01-12,"473 Jacobson Coves
East David, NJ 19785"
485,Gavin,Murray,pwalker@long.com,001-233-811-5954x278,1963-07-22,"987 Robinson Lights
North Ashleeville, CO 47007"
486,Jeffery,Owens,brownheather@murphy-bishop.com,+1-969-097-1938,1975-07-24,"8215 Matthew Tunnel
West Michaelland, WV 66226"
487,Emily,Harris,farleyamy@yahoo.com,(494)774-1479x15796,1981-04-12,"6761 Russell Knolls Suite 672
Lisafurt, OK 97671"
488,Emily,Maldonado,kylerobinson@hall.com,945.373.4691,1972-04-09,"3188 Samantha Stream
Allisonland, CT 08083"
489,Christopher,Morrison,peter85@gmail.com,001-376-283-4479x4461,1970-06-06,"67076 Williams Village Suite 801
East Richard, NY 36215"
490,Elizabeth,Smith,yhicks@yahoo.com,208.783.5873x1733,2002-06-20,"761 Walker Road
South Steven, NY 58626"
491,Michael,Williams,georgelewis@smith-jones.com,736-634-8090,1963-08-30,"062 Kayla Walk
East Richard, CT 81804"
492,Heidi,Rose,nicholasclark@yahoo.com,001-045-824-7101,1956-06-15,"225 Escobar Keys Apt. 813
Santosborough, OK 72136"
493,Jody,Olson,samanthahansen@robinson.biz,184.859.7800x22186,1959-02-11,"7870 Jesse Points
Lake Deborahview, IN 29658"
494,Julie,Barnes,schandler@hunter.com,958.824.0944x267,2000-05-24,"PSC 0910, Box 0480
APO AE 60268"
495,Andrea,Buchanan,williamwhitehead@barajas.net,(574)676-7956,1979-10-08,"87931 Desiree Lake Suite 363
North Stephanieshire, OH 05589"
496,Arthur,Wagner,paulparker@barrera-guzman.com,0025211775,1996-11-03,"49615 John Dam
Grahamton, NH 82053"
497,Andrew,Johnson,bondshelly@hotmail.com,+1-019-637-4634x7109,1962-08-06,"885 Haney Pike
South Ebonymouth, KS 11491"
498,Zachary,Hamilton,gprince@wilson-caldwell.com,228.810.9946,1968-03-27,"460 Anthony Mount Suite 130
East Brian, MI 37345"
499,Jocelyn,Davis,wheelercatherine@hotmail.com,917.660.0668x82960,1954-03-01,"080 Stewart Spurs
Port Jamiestad, HI 16086"
500,Karen,Dickerson,gperkins@yahoo.com,+1-131-061-8850x776,2002-08-04,"010 Tina Road Apt. 390
Stewartmouth, CT 52411"
501,Derek,Mckinney,gpeterson@romero-glenn.com,7258270459,1975-07-01,"169 Ryan Mountains Apt. 737
New Michelle, UT 07905"
502,Charles,Powell,michael18@hotmail.com,+1-336-141-8230x608,1962-08-20,"131 Jonathan Wells Apt. 891
West Jacquelineport, KS 54451"
503,Rachel,Schmidt,mckinneykeith@gmail.com,246-444-3743x294,1977-08-24,"38777 Lewis Squares
East Zachary, DE 01545"
504,Brian,Baker,dan31@yahoo.com,(163)753-3413x47921,1972-06-18,"191 Martinez Inlet
West Jenny, NM 60801"
505,Jody,Rivera,richard31@obrien.com,320-586-9516x6051,1950-05-23,"4063 Amber Wells Apt. 527
East Jessicaton, UT 94205"
506,Michael,Hart,lowekenneth@bailey-davis.com,634.686.6701x22347,2006-01-19,"3565 Gallegos Knoll Suite 758
Kylebury, NM 93451"
507,James,Franklin,gonzalezcandice@yahoo.com,220.540.0808,2000-05-28,"3112 Carol Shore
Mitchellborough, NJ 59136"
508,Diane,Barnett,zsmith@francis.org,682-432-7793,1980-11-24,"98587 Yolanda Cape Apt. 920
South Jessicaland, SD 64556"
509,David,Myers,lbaker@mcdonald.com,+1-984-580-3345x6931,1990-11-07,"02236 Cabrera Shores Suite 754
North Kimberlyville, NE 69486"
510,Michael,Carson,lorifranklin@hotmail.com,4878856331,1952-08-18,"7011 James Glen
Juliefort, WV 12073"
511,Tyler,Schultz,heathercooper@gmail.com,(696)916-3368,2004-11-18,"947 Angela Walk Apt. 668
Teresaton, AR 54448"
512,Richard,Gordon,joanna86@carter.com,1509351280,1967-06-12,"10591 Brooke Isle
East Kristi, DC 21782"
513,Eileen,Castro,johnnystephens@gmail.com,001-505-721-7194x729,1956-04-30,"687 Michelle Rest
Gutierrezside, AK 90289"
514,Hannah,Mcmahon,john42@yahoo.com,+1-539-228-2988x409,1991-04-04,"2463 Ariana Mills
New Robertostad, DE 08076"
515,Candace,Silva,jonathanadkins@gmail.com,937-851-4749x05048,1998-02-08,"72334 Chambers Brooks Suite 017
Cummingstown, WY 22285"
516,Barbara,King,kathleenhammond@hall.net,(027)615-8081,1967-08-23,"78055 Carter Ridges
Maryport, MD 07082"
517,Erin,Lewis,maldonadophillip@klein.net,(552)713-7265,1982-02-28,"Unit 1959 Box 4999
DPO AA 35120"
518,Lacey,White,tramirez@gmail.com,581-832-4031x03003,1948-02-04,"563 William Lights Suite 649
North Lauraland, NJ 06401"
519,Mark,Mcbride,philip62@obrien.com,807-939-5752,1962-10-14,"79247 Michael Lakes Apt. 935
Lake Kimland, PA 65602"
520,Trevor,Williams,mooremichael@hotmail.com,725-585-9401x965,1983-07-28,"759 Lee Trace
Judyville, NE 45679"
521,Lisa,Smith,wlewis@hotmail.com,(161)096-8807x971,1991-12-23,"1283 Riley Tunnel Apt. 101
Huberview, MD 68855"
522,Nicole,Campbell,kwu@hotmail.com,(326)755-1742,1970-09-20,"418 George Lakes Apt. 480
South Deborah, WY 51188"
523,Lori,Lopez,jacksonarthur@oconnor.org,(106)288-8698,1958-02-17,"665 Cole Mount Suite 467
South Paul, MD 98508"
524,Mary,Reed,timothyacevedo@gmail.com,001-435-605-7634x3482,1986-06-10,"34021 Elizabeth Dam Suite 328
Joannahaven, DE 87722"
525,Christina,Howard,vjenkins@hotmail.com,634-631-4651x0335,1945-05-10,"551 Williams Court Suite 680
Lisaville, IL 09262"
526,Christopher,Stewart,matthew09@banks-davies.com,885.854.2957x33845,1979-12-06,"777 Snyder Spur Apt. 125
South Alexandraside, RI 04931"
527,William,Roberts,vwilson@esparza.org,+1-662-804-4685x294,1944-10-30,"99996 Price Overpass Suite 234
Heatherland, GA 01337"
528,Alexis,Dunn,alicia88@gmail.com,428-916-7010,1959-05-10,"2559 Lance Shoal
New Debra, PA 26090"
529,Sharon,Cochran,clarkeshannon@gmail.com,5252267119,1991-06-25,"745 Timothy Court Apt. 081
Seanside, IL 76834"
530,Jessica,Crawford,guy40@curry.net,(346)845-8562x58850,1956-02-28,"8364 Brown Spurs Apt. 336
West Jesseburgh, VT 17654"
531,Heather,Marquez,mmelton@yahoo.com,001-535-534-1297x51805,1995-01-15,"0058 Walton Plaza
Stevensonberg, CO 13954"
532,Dana,Owen,yknight@thomas.com,(240)583-3492,1979-01-31,"308 April Rue Suite 866
North Jaredburgh, AZ 57181"
533,Kayla,Diaz,gnoble@hotmail.com,8835746376,1944-02-10,"USS Webster
FPO AE 27829"
534,Lauren,Curtis,nathangoodwin@yahoo.com,871-695-7677x339,1973-08-16,"06033 Victoria Branch
Liuchester, RI 29419"
535,Kimberly,Henry,lambertsamantha@hotmail.com,2438509952,1985-11-21,"57809 Thomas Haven Apt. 096
Lake Ann, NY 90574"
536,Michael,Pacheco,jacobgiles@adams-cooper.com,151.342.8002x9174,1957-11-10,"62625 Jaime Manors
Austinside, AK 86094"
537,Jessica,Taylor,tiffany59@hotmail.com,001-226-690-7240,1948-02-10,"98794 Jennifer Freeway
Laurenberg, KY 70758"
538,James,Guzman,kbooth@hotmail.com,160.969.1394x515,1981-08-07,"083 Brown Cove
Coxfurt, ID 31917"
539,Spencer,Thomas,michaelhancock@roberts-marshall.com,027.543.6472x193,1954-10-22,"4145 Cooper Alley Suite 241
North Michael, MI 28274"
540,Christopher,Gonzales,raymondparker@yahoo.com,(206)840-0205,2005-10-01,"85694 Stacy Station
Michelleport, DE 65880"
541,Robert,Lin,cthomas@rivera.com,290.201.8826,1948-02-07,"143 Eric Walks
East Matthewburgh, NC 18457"
542,Adrienne,Jimenez,elizabethvelez@yahoo.com,+1-690-374-4998x80509,1999-09-03,"07284 Lee Court
New Angelafort, ND 75129"
543,Melissa,Morrow,juan07@clark.com,674.124.7446,2002-10-19,"5466 Kristin Lodge
Hardyland, WA 75530"
544,James,Patterson,halltravis@suarez.com,(259)258-7874x54365,1990-06-06,"923 Carl Drive
East Jefferyside, OR 98329"
545,Elizabeth,Rodriguez,snydercody@garcia-george.org,689-135-7656x28534,1973-04-18,"21327 Vargas Ranch Apt. 979
Crystalburgh, NM 04936"
546,Carol,Sanchez,danielsmith@king-webb.com,919-564-9852x80704,2002-11-19,"7387 John Port
Reedburgh, UT 36546"
547,Shane,Mullen,zhanson@thompson.com,+1-536-147-8766x4535,1951-07-23,"534 Gross Garden
New Jessicachester, NJ 83076"
548,Jacqueline,Wright,upeterson@kaiser-fowler.biz,(279)533-0124x77680,1967-04-19,"35227 Timothy Overpass
Tinaside, IL 70290"
549,Timothy,Rubio,mullinsamy@hammond.com,(775)553-0500x8958,1986-12-30,"41531 Evans Mills Apt. 936
Schmidtland, SC 75539"
550,Tracy,Chambers,kristencortez@yahoo.com,671.136.9415x8870,1982-06-26,"3234 Jackson Locks Apt. 909
Tonyaburgh, CO 17363"
551,Katherine,Mills,vincentgarcia@lopez.biz,813-875-0516,1986-06-29,"74683 Price Street
New Lonnieville, WV 68451"
552,Katie,Mcdaniel,mtaylor@nichols.com,213-439-9763,1969-03-17,"401 Collins Place
New Dennisbury, NH 67183"
553,Gregory,Mckenzie,zacharyfoley@hotmail.com,505.048.0098,1977-12-25,"33309 George Cape Apt. 527
New Christopherburgh, KS 61695"
554,Brandon,Fox,cole47@gmail.com,102-083-5985,1998-06-18,"875 Brewer Freeway Suite 635
West Paige, NC 58965"
555,Jamie,Gomez,roy71@gmail.com,(769)190-7872x527,1951-11-06,"227 Yvonne Fork
Jamestown, NC 01963"
556,Jill,Gomez,cory28@gmail.com,(629)068-4481x105,1998-06-15,"042 Lisa River Suite 075
Marshland, RI 46450"
557,Douglas,Pittman,sstevens@yahoo.com,573-597-1795x8722,1968-07-19,"Unit 7188 Box 6117
DPO AA 06892"
558,James,Benton,kim49@castillo.com,001-879-301-1217x229,1977-04-23,"81753 Sarah View
Port Kennethside, AK 62680"
559,Joseph,Mccoy,finleydavid@gmail.com,+1-540-524-0271,2004-09-02,"35079 Joseph Forge Suite 249
Whitemouth, DC 06180"
560,Theresa,Peterson,amandasmith@fletcher.biz,+1-645-334-7556x8929,1944-07-23,"68757 Bradford Motorway
North Kim, SC 47930"
561,Kelsey,Blanchard,hbridges@gmail.com,(150)734-7346x7048,1993-01-27,"19996 Cobb Row
Lisafurt, IA 72799"
562,Emily,Sullivan,william51@yahoo.com,(207)805-9972x985,1956-03-25,"96662 Martin Mountain Suite 731
Cuevasbury, SC 04157"
563,Jose,Schroeder,amontoya@floyd-peterson.com,595-530-3774x3480,1981-12-27,"7980 Robertson Point
New Kristina, AR 06992"
564,Deborah,Morris,allenjeffrey@gmail.com,085.972.8350x6590,1966-07-24,"5260 Kline Views
South Rachel, CT 56409"
565,Christina,Fowler,rbrewer@yahoo.com,778.756.4099,1986-11-16,"48270 Turner Lodge
East Holly, IA 55640"
566,Christine,Fischer,gail21@yahoo.com,8413905455,1946-09-19,"USNV Smith
FPO AE 09226"
567,Scott,Allen,scottwilson@hotmail.com,(245)951-7697,1979-07-05,"48250 Nicholas Pine
Padillahaven, IA 07186"
568,Isabella,Dalton,nicole58@velasquez.com,955-073-8080,2004-10-05,"163 Herbert Shoal
Keithburgh, NJ 50838"
569,Sean,Matthews,sharonlopez@travis-ward.com,510.387.2835x83539,1966-12-13,"745 Shah Vista
Melaniechester, ND 14279"
570,Patricia,Vega,katherinejoyce@rivera.com,+1-814-855-7872x27056,1967-04-27,"8492 Jean Loaf
Benjaminmouth, MI 75779"
571,Karen,Schmidt,nwhite@yahoo.com,001-583-113-5802x64569,1952-12-14,"0951 Laurie Radial
South Matthewmouth, NV 61532"
572,Louis,Salazar,judymccarthy@sanchez-murphy.biz,772.328.6839x2069,2004-06-26,"66808 Hart Spurs Suite 833
Murphyborough, LA 86367"
573,Brooke,Adams,whaney@gentry.com,3329120853,1974-09-08,"66543 Robert Park Apt. 372
Pughstad, GA 06706"
574,Keith,Guerrero,ycarrillo@bradley.com,(612)409-8099,2002-07-22,"770 Connie Cove
Port James, OR 77919"
575,Taylor,Ramirez,stewartpaige@kelley.org,523.008.7778,1998-04-26,"063 Oconnor Ridge Apt. 219
Port Angela, AL 42476"
576,Natalie,Schmidt,bmiller@bailey-mccann.net,875-393-4759,1987-11-03,"7313 Raymond Fort
Virginiaborough, OH 04346"
577,Jeffrey,Baker,carrilloemily@andrews.com,+1-791-471-1279x1422,1993-03-14,"9067 Patterson Loaf
North Christina, VT 71440"
578,Jeffery,Finley,craigstacey@yahoo.com,(047)181-6859,1968-10-24,"3766 Morales Lodge
Huntchester, IN 97292"
579,Maria,Williams,gboyd@miller.com,844.525.0478,1956-08-18,"614 Joseph Well Suite 991
Sharontown, AL 19880"
580,Derek,White,pcarter@franco-rogers.biz,+1-862-183-6984,2002-01-13,"534 Kelly Vista
Mcintoshport, KY 39242"
581,Kimberly,Robinson,thompsonseth@yahoo.com,001-244-535-0504x329,1961-08-26,"751 Alicia Forges
Ritatown, FL 59759"
582,Denise,Dorsey,jarmstrong@roman.biz,001-480-889-3936x176,1958-11-24,"6445 Smith Tunnel
Sarahborough, ND 21637"
583,Rebecca,Garcia,jessica70@yahoo.com,001-676-466-1364,1962-03-16,"75081 Martin Club Apt. 143
Reillymouth, UT 87671"
584,Andrew,Henderson,palmermichael@gmail.com,001-020-184-1525,1960-12-20,"0862 Cooper Fields Apt. 444
Lake Lance, OK 32783"
585,Melody,Anderson,evanspatricia@lamb.com,025.787.6675,1961-07-31,"19992 Shannon Burgs
West Ashley, MS 84299"
586,Gary,Foster,heathergibson@ward-brown.com,(628)490-4083,1965-07-01,"329 Eddie Ford
Lake Michael, NC 52708"
587,Rachel,Fox,melissamartin@foster-shah.com,+1-260-279-3878x62169,2006-09-29,"45887 Willis Greens
Hartport, ND 37340"
588,Christopher,Marshall,alison22@gmail.com,114-658-9347,1996-10-26,"800 Collins Ridges Suite 326
West Robertfurt, SD 81905"
589,Ronald,Martinez,nglover@holmes.org,(709)128-4137,1984-07-17,"93943 Bolton Terrace Apt. 663
Lake Joy, AZ 10946"
590,Jennifer,Garcia,moranrita@yahoo.com,103.800.9009x197,1976-10-16,"4468 Adams Corner
Wardton, SD 35690"
591,Suzanne,Perry,williamclark@yahoo.com,907-186-3436,2004-02-25,"30356 Burns Neck Apt. 292
Lisastad, CO 04417"
592,Lonnie,Martinez,susan14@perez.biz,969.314.6565,1998-10-08,"06949 Christopher Burgs
Lopezton, IN 57642"
593,Susan,Ross,vasquezsamantha@gmail.com,(549)281-1801x1230,1981-11-27,"82818 Christopher Lodge Apt. 895
Heathermouth, OR 24240"
594,Charles,Stevens,liustephanie@adkins.biz,+1-819-293-6661x508,2002-11-03,"2615 Watkins Key
Jordanborough, TX 19246"
595,Eric,Cruz,hollymadden@yahoo.com,409-521-4254x8872,1994-03-24,"045 Jones Fields Apt. 049
East Danielle, NC 87731"
596,Katherine,Proctor,scottballard@hotmail.com,463.157.4766x03668,1952-04-02,"0242 Burton Locks
Christinestad, MO 38669"
597,Thomas,Burnett,dudleydiana@powers.com,3850780249,1947-05-07,"7728 Eric Corners Apt. 229
Port Adam, IN 14141"
598,Paul,Green,nicholas25@murillo.com,089-405-3912,1989-06-27,"15074 Molina View Apt. 962
Hensleyfort, ID 48580"
599,Benjamin,Johnson,reedlawrence@hotmail.com,(264)941-8981x156,2001-02-16,"225 Allison Locks Suite 789
South Edwardchester, VT 62226"
600,Donna,Elliott,nicholas84@conway.com,+1-538-792-1488x871,1958-03-27,"85726 Jodi Station
Moorestad, DE 19814"
601,Robert,Osborn,carla55@hotmail.com,5104772067,1981-02-13,"0309 Evans Spring Suite 361
South John, WY 69719"
602,Nancy,Norton,tylerrichards@frederick.com,+1-590-193-7068x0232,1965-05-19,"USNS Moore
FPO AP 19943"
603,Sean,Roberts,miguel53@green.biz,4470307036,1983-04-09,"Unit 6348 Box 5819
DPO AA 47025"
604,Danielle,Alvarado,matthewhoover@campbell.info,115-305-7397,1979-07-04,"955 Jasmine Ford
Hollandburgh, AK 34455"
605,Douglas,Johnson,owilson@hendricks-miller.info,(298)070-1307,2005-08-22,"1945 Adkins Springs
Lake Brandon, MA 80050"
606,William,Joyce,martinezkathy@hotmail.com,4521622094,1991-10-28,"PSC 1966, Box 6486
APO AE 01551"
607,Austin,Moreno,natasha20@perez-williams.org,8383504659,1948-07-29,"7766 Natalie Throughway
East Williammouth, OR 74311"
608,Angela,Lee,anthony00@hotmail.com,+1-960-554-4840x839,2006-04-19,"3698 Kimberly Ports Apt. 449
South Annside, FL 32526"
609,Lisa,Hunter,julia74@thornton.info,023-725-3193x073,2004-11-21,"Unit 1765 Box 5623
DPO AA 84469"
610,Kevin,Vargas,amberpatel@yahoo.com,819.229.5792,1982-03-26,"Unit 9929 Box 7288
DPO AE 99793"
611,James,Bell,shamilton@thompson.org,043.482.9444x063,1961-02-20,"9202 Reed Islands Apt. 325
Chelseyland, NV 46955"
612,Robert,Medina,matthewstephenson@yahoo.com,2665537415,1962-12-07,"239 Reynolds Harbors Suite 810
South Jenniferland, KS 98062"
613,Jill,Parrish,xduke@hotmail.com,(149)818-5833,1985-11-22,"1147 Wells Mill
Port Melanieport, CO 68608"
614,Marc,Jackson,hayescole@hotmail.com,0435507397,1997-05-06,"Unit 8579 Box 0227
DPO AP 19772"
615,Jeffrey,Rocha,peter11@butler.com,6066561965,1948-11-05,"615 Perry Well Apt. 995
Smithbury, TX 16493"
616,Daniel,Johnson,pjensen@yahoo.com,446-133-8225x3725,1944-06-03,"52690 Terry Drives
Smithfurt, NH 19955"
617,William,Singh,vroberts@williams.net,(397)799-5124x936,1966-10-03,"021 Valerie Walk
Simonton, MI 76826"
618,Aimee,Jordan,shannoncrawford@hotmail.com,387.859.9004x09757,1953-11-10,"Unit 8058 Box 3135
DPO AA 78328"
619,Scott,Rios,pamelarobinson@smith-nolan.com,104.534.7874x055,1960-01-02,"507 Hampton Junctions
Port Reginaside, ME 36654"
620,Gary,Davis,franklinjack@davis.com,001-949-071-8162x12341,1955-04-17,"35951 Flores Place Apt. 156
New Kristaville, CO 63966"
621,Anthony,Ortiz,cameronamy@anderson.com,901.274.0133x500,1944-02-09,"6420 James Mews
West Jesusstad, MN 26382"
622,Stephanie,Parker,bettyford@yang-guzman.com,(302)221-8009x442,1994-01-25,"9886 Russo Fields Suite 495
East Sarahburgh, LA 77370"
623,Kenneth,Douglas,anthonytrujillo@hughes-williams.com,527.311.2269x44923,1960-07-17,"667 Matthews Falls
North Jeremy, NV 93551"
624,Justin,Mccoy,loganpatrick@hotmail.com,(595)729-8045x440,1947-03-22,"08211 Cruz Crest
South Davidton, CA 14781"
625,Sydney,Hill,nataliesherman@collins-carroll.com,+1-584-102-5197x465,1956-05-02,"70026 William Mission Apt. 743
Francisburgh, MA 57151"
626,Ryan,Thompson,riverajeremy@simmons.com,(326)736-8076,1971-02-12,"4993 Priscilla Run
West Susantown, WA 82512"
627,Paul,Hayes,williammoore@butler.biz,(944)666-2376x0724,1968-04-06,"7900 Monique Cape
Kaufmanborough, DC 80358"
628,Deborah,Barnes,wardheather@gmail.com,749-668-2163x22475,1953-04-17,"61061 Meyer Creek Suite 102
Patriciatown, KS 23467"
629,Jonathan,Hernandez,fostersherri@martin.org,510.303.5448x29617,1978-04-17,"73655 Rios Summit Apt. 587
West Michele, AL 95071"
630,Yvonne,Walker,parkercrystal@hotmail.com,959-030-4743x9875,1997-06-20,"PSC 8471, Box 3566
APO AA 36920"
631,Scott,Brown,milleranthony@gmail.com,954-208-8610x95026,1948-10-03,"88898 Solis Union Suite 204
Snyderton, ID 40909"
632,Bradley,Mcclain,fgreen@hotmail.com,(338)036-7054x81245,1975-05-12,"720 Barton Estates
New Johnburgh, NY 48364"
633,Aaron,Coleman,tmorales@gross-le.info,049.397.3845,1948-07-19,"1323 Christopher Park
West Ronaldberg, UT 11586"
634,Brian,Clark,jameslopez@watkins.org,899-557-5470x252,1970-10-09,"771 Woods Neck
South Jenniferborough, MD 31774"
635,Jay,Russell,vasqueztyler@hotmail.com,001-166-516-9251x8866,1971-03-11,"834 Thompson Hill
Lake Robert, WV 58575"
636,Julia,Warren,harrisstephanie@yahoo.com,578-257-9476,1987-11-17,"6008 John Trail
East Leslieland, ME 27864"
637,Richard,White,vcampbell@woodward.biz,001-097-332-2444x9015,1964-07-20,"9390 Melissa Canyon
Hunterville, PA 63299"
638,Rebecca,Reyes,matthewjimenez@kelly.net,(424)451-0036,1963-08-18,"PSC 0401, Box 7204
APO AE 47258"
639,Mackenzie,Turner,wschultz@gmail.com,001-269-068-8820x520,1976-07-25,"34051 Jessica Inlet Suite 341
Patelmouth, MI 84339"
640,Billy,Henderson,jacquelinelam@gmail.com,+1-010-498-2259x8758,1984-02-10,"8901 Sean Brook
Williamshire, AK 64991"
641,Darryl,Avila,muellertimothy@bell.com,(901)137-1188x126,1976-12-21,"350 Smith Place
Moorechester, UT 31294"
642,Tracy,Bowers,zmason@yahoo.com,3317870545,1952-11-12,"Unit 8458 Box 5683
DPO AE 07696"
643,Laura,Michael,jrobinson@mcintyre.org,+1-846-494-5298x425,2002-03-06,"69650 Wells Wall Apt. 855
Whiteville, MI 87869"
644,Erik,Saunders,alexisbradley@hotmail.com,(518)549-4572,1980-02-06,"5361 Brent Valley Apt. 553
South Mariaport, LA 68375"
645,Jason,Brennan,cheryl53@arnold-martinez.com,+1-531-553-5571x28380,1970-04-21,"05847 Perez Street Apt. 659
East Debrashire, FL 70166"
646,Cynthia,Hall,reesestephanie@hotmail.com,001-642-359-3627x09391,1966-11-17,"737 Austin Unions
West Christine, OR 75197"
647,Christopher,Roy,sbuchanan@hotmail.com,001-109-808-2230x0125,1969-06-28,"6396 Troy Ridges Apt. 880
Williamview, OR 91786"
648,Timothy,Jones,anne09@gmail.com,(516)764-9325,1990-03-02,"40177 King Terrace
Jermainechester, WY 07436"
649,Chad,Marshall,charlesnelson@hotmail.com,001-076-170-0440x6515,1949-07-14,"6218 Susan Mountain
Port Claudia, HI 89701"
650,Kathleen,Gonzales,fclarke@mason-lucas.biz,+1-714-633-0124x39948,1950-05-21,"2559 Carl Roads
Ryanbury, LA 81265"
651,Patricia,Webb,pmcdonald@conrad.net,327.188.1156x055,2002-10-25,"9924 Jennifer Dale
North Victoria, FL 63828"
652,Scott,Underwood,angela64@richardson.org,237.055.1661x27403,1948-12-16,"13144 Bowers Hollow
Graybury, IA 09559"
653,Rebecca,Ali,deborah82@hotmail.com,245.354.7685,1994-12-20,"16959 Logan Hills Apt. 464
Melissastad, OR 77376"
654,Lisa,Ball,troyalvarado@gmail.com,+1-580-572-3113x5540,1975-07-17,"4778 Zachary Orchard
New Emilystad, TN 92690"
655,Danielle,Elliott,manuel39@lloyd-mcclure.biz,(994)051-6474,1971-03-06,"7969 Alexis Rest Suite 072
Jenniferhaven, DC 04736"
656,Frank,Johnson,julian48@gmail.com,001-070-073-9007x99549,1989-05-03,"066 Thomas Avenue
Lake Cynthiamouth, OK 58192"
657,James,May,ealexander@sanchez.biz,426-798-3030,2002-12-14,"244 Kimberly Station Suite 476
Stantonland, ME 64013"
658,Bill,Herrera,nbrooks@pace.biz,612-745-6812,1977-02-07,"218 Brooks Grove Apt. 967
Lake Joseshire, NH 91836"
659,Jacqueline,Hall,kbeasley@rice-little.com,(470)123-0080x7338,1973-06-20,"73631 Victoria Estate
Moorefurt, HI 62358"
660,Jennifer,Harper,kathrynmorris@weber-johnson.com,001-577-869-9614x574,1949-09-21,"25642 Leslie Street
Port Jeanettehaven, FL 40629"
661,Amy,Marshall,daviddurham@miles.net,4037414953,1993-05-17,"16871 Lori Forge Suite 720
Howeberg, MN 24759"
662,Andrea,Ferrell,qwilliams@dunlap.net,486.903.6325,1996-07-03,"1093 Williams Inlet Apt. 716
East Melissa, CT 29793"
663,Monique,Francis,maryschmitt@hicks.biz,6550187573,1964-05-20,"657 Sandoval Island
Isaacborough, IN 43601"
664,Erin,Barajas,carolyn50@brooks-vasquez.biz,+1-179-596-7374x501,1968-03-24,"610 Martha Dam Apt. 148
East Phyllisport, MS 68501"
665,Deanna,Mcconnell,omar61@collins-brown.com,295.893.7463x18679,2002-09-30,"31764 Chad Terrace Apt. 193
Keithshire, OR 12808"
666,Jennifer,Washington,lisabaker@hotmail.com,+1-839-291-9489,1982-10-21,"1243 Isabel Green
East Robert, OH 86414"
667,Heather,Chavez,montgomeryapril@hill.com,(073)353-1234x76286,1983-03-02,"363 Gaines Lodge
Lake Tracy, KS 51764"
668,Derrick,Stewart,wigginskatelyn@gmail.com,367.973.0472x3740,1966-11-27,"317 Lori Crest Suite 729
Loritown, SC 21916"
669,John,Hahn,jennifer14@patel.com,(323)886-1857x0428,1991-06-17,"343 Kayla Well Suite 526
Williammouth, KY 05488"
670,Gary,Faulkner,keithconner@miranda.com,500.387.9046,1977-09-02,"6933 Amy Alley Suite 012
North Aliceside, MO 50676"
671,Robert,Jenkins,amanda40@hotmail.com,(094)282-6532x877,1999-01-10,"340 Wilson Stream
Harrisfurt, SC 85947"
672,Karen,Kim,peckdanielle@hotmail.com,+1-115-383-7340x300,1948-05-27,"777 Solis Mall Apt. 519
South Donaldstad, MD 22261"
673,Robert,Dougherty,richard67@pierce.com,002.976.9900x1771,1956-08-31,"08805 Green Locks
New Raymondberg, UT 73673"
674,Mark,Johnson,stephanie31@gmail.com,6028096331,1978-07-30,"2237 Christina Islands Suite 237
West Alyssaview, NM 88338"
675,Michael,Johnson,johnsonjustin@bell.com,089-358-8047,1953-10-05,"416 Robin Fields
Port Richard, CA 69193"
676,Denise,Bennett,cynthiawolfe@hotmail.com,616-474-9027x100,1994-11-27,"75561 Nicole River Apt. 100
West Jessicatown, NC 26675"
677,Jennifer,Jones,xdavidson@yahoo.com,+1-339-860-4653,1979-12-02,"01119 John Roads
West Bridgettown, MD 17316"
678,Nicole,Finley,lopezmichelle@moore.com,968.376.5479x6351,1945-09-09,"650 Mcmillan Mountains
New Jay, CA 53992"
679,Cassandra,Sanders,calderonmaria@atkinson-esparza.com,+1-472-690-0104x530,1967-06-22,"766 Dean Meadow
Pittschester, DC 40333"
680,Rodney,Stewart,vhodges@yahoo.com,+1-894-332-8864x3203,1989-08-07,"923 Ortiz Forks
North Brian, SC 22477"
681,Tamara,Tucker,leeramirez@yahoo.com,821.244.0351x231,1981-06-25,"908 Jones Falls Suite 945
North Ronald, KY 22608"
682,Daniel,Mejia,carlos43@hotmail.com,(762)692-6177,1985-09-04,"29674 Bryan Garden
Lake John, MN 56272"
683,Matthew,Reed,michelle88@strong-jones.com,(127)659-3202,1962-11-01,"3126 Lewis Locks
Lake Earlmouth, OH 93391"
684,Cynthia,Lambert,manuel89@hotmail.com,323-877-6011x758,1984-11-22,"94538 Yolanda Mills
Portermouth, IA 46964"
685,Joseph,Cooper,dawn78@gmail.com,262-055-3666,1979-06-05,"261 Compton Street
New Lindahaven, VA 77407"
686,John,Fields,wmccarthy@peterson.com,+1-837-913-9262x7192,1957-11-03,"294 West Square
Lake Mariah, WA 79106"
687,Whitney,Alvarez,reevesjohn@hotmail.com,350-654-6803,1971-03-22,"069 Jennifer Groves Apt. 656
Port Juliafurt, MA 59179"
688,Bernard,Meyers,edwardfitzgerald@travis.info,(159)840-2798x93289,1986-04-20,"USS Green
FPO AP 31832"
689,Alyssa,Burch,christine24@terry-torres.com,249.710.6929,1983-03-07,"1165 Brandi Fork Suite 299
Port Dianechester, VT 86986"
690,Donna,Vaughn,clarkerichard@gardner-wilkins.com,+1-369-708-2336x28618,1991-03-08,"09058 James Trail Apt. 750
Michelleburgh, IA 89874"
691,Nathan,Williams,hreynolds@gmail.com,199-231-2325x9133,1968-01-01,"18879 Benjamin Isle
Theresatown, IN 66543"
692,Joshua,Stewart,christine46@johnson-arnold.com,(197)515-5305x9753,1960-07-27,"9512 Rogers Plains Suite 330
New Debbie, WV 18311"
693,Lauren,Welch,kimberly84@gmail.com,1820742280,2001-01-26,"940 Chang Plaza
East David, ID 86608"
694,Jonathan,Gillespie,cassandrastone@hotmail.com,2594777898,2003-01-09,"7255 Morgan Estates Apt. 213
West Branditon, MN 91327"
695,Paul,Richards,hortonwilliam@gmail.com,+1-519-135-6605x151,1952-10-21,"9292 Jill Union
Port Mary, ID 68272"
696,Alan,Castillo,xmunoz@serrano-king.org,094.773.9201,1946-03-16,"43928 Bradley Parks
Kimfort, AR 85311"
697,Nicholas,Rogers,anthonymedina@gmail.com,651.019.3950x60205,1948-10-07,"17637 Lisa Village
New Kennethfurt, ND 98575"
698,Lee,Keller,omay@yahoo.com,+1-542-880-8451x95729,1974-12-01,"094 Barnes Islands Suite 394
Port Megan, SC 56620"
699,Daniel,Williams,thomas29@mahoney.com,(485)216-3660x336,1982-09-26,"394 Houston Loop Apt. 378
New Travis, OR 87213"
700,Cindy,Kennedy,johnmassey@watts.com,351.475.5176x2463,2002-03-13,"44162 Debbie Stream Apt. 760
Port Jefferytown, WV 48395"
701,Sandra,Lucas,deborahsilva@logan-wright.info,(947)173-4328x5717,1984-04-13,"7316 Webster Mountains Suite 495
Fosterfurt, IL 94484"
702,Stephen,Luna,tanyaleon@clark.com,931.633.7155,1956-12-31,"0947 Roth Trail Apt. 827
East Teresaville, PA 17070"
703,Michele,Howard,emily06@ponce.info,938-753-5220x5516,1945-01-03,"4780 Patrick Causeway Apt. 947
New Johnside, ID 17404"
704,Andre,Hernandez,zestrada@barajas.com,825-014-4748,1990-06-13,"1685 Kim Pass
Mcgeestad, NV 01426"
705,Nathan,Mccann,taylorgeorge@ball-johnson.com,663-094-3416,1987-10-08,"2401 Ramirez Shoals Suite 428
South Joshua, AL 60317"
706,Marissa,Moore,sloanbarbara@davis.info,090-591-1155x6934,1988-02-21,"80348 Lewis Plains Apt. 707
Jacksonhaven, MS 70168"
707,David,Stafford,nielsenkevin@gmail.com,327-288-2185x220,1982-06-02,"6495 Traci Mission
South Keith, DC 60887"
708,Victoria,Hall,nbrown@davis.net,(407)820-8926,1991-01-20,"711 English Corner
New Anne, NH 19514"
709,Antonio,Allison,frenchdanielle@sherman.biz,058-101-4119,1946-05-08,"05766 Crawford Forges Apt. 908
South Williamburgh, MI 72110"
710,Maria,Vasquez,daniel84@zamora.com,821.138.6868x03511,1944-03-27,"3220 Cole Key Apt. 528
North Patrickside, ND 78433"
711,Frank,Smith,moorenicole@gmail.com,800-847-8674x471,2002-06-08,"778 Matthews Valley Suite 524
South Kimberly, OH 37243"
712,Neil,Contreras,andrewday@yahoo.com,(368)635-7534,1963-11-21,"PSC 0065, Box 4782
APO AE 82956"
713,Richard,Rivera,sjohnson@gmail.com,001-600-704-5579x74249,2005-02-17,"092 White Turnpike Suite 787
East Amber, RI 22989"
714,Dalton,Williamson,crystal83@hotmail.com,+1-815-795-7492,1999-05-07,"235 Collins Neck Apt. 484
East Adamton, MN 11125"
715,Daniel,Gonzales,taylorgary@yahoo.com,4390343556,1992-07-05,"8017 Garcia Valleys
Ortizmouth, MN 25656"
716,John,Gould,bobby42@gmail.com,5423548759,1957-04-26,"4466 Lane Pass Suite 354
South Steven, AL 03065"
717,Debbie,Chandler,jeffrey60@hawkins-vang.com,+1-434-043-0228x06154,1965-10-29,"5477 Barbara Bypass
West Tamara, FL 06013"
718,Mary,Rose,casevictor@yahoo.com,(812)818-2850,1967-09-19,"38815 Garrett Stravenue Suite 884
Jerryview, DE 75980"
719,Jordan,Rowe,smithkathryn@day.com,(617)880-6031x69199,1961-07-26,"PSC 0785, Box 1470
APO AP 33673"
720,Norman,White,earlalvarez@gmail.com,135-500-5722x7816,2005-08-20,"7511 Brittany Crest
Mindyburgh, NH 04206"
721,Lawrence,Waller,williamsjoshua@yahoo.com,+1-734-102-3364x608,1993-05-10,"PSC 7803, Box 1810
APO AP 45333"
722,Sara,Gaines,juliagraham@frey.net,(523)171-4711x536,2003-08-02,"04679 Ann Harbors Apt. 324
Port Kimberlyfurt, SC 20966"
723,Jessica,Ramos,hernandezdonna@gmail.com,379-449-3010,1997-07-19,"0025 Victoria Parkways Suite 965
Port Michelle, KY 23773"
724,Carrie,Sawyer,latoyamendez@horne.com,001-539-981-4179x123,1962-06-03,"949 Amber Manor Apt. 055
Carlastad, SC 88509"
725,Melissa,Summers,michellehanson@kim.info,001-825-453-6993x079,1967-08-27,"057 Stein Plaza Apt. 506
Lake Emilyfurt, OR 28711"
726,Erik,Smith,justinrobinson@jackson.com,769-925-5047,1987-07-06,"3678 Rickey Avenue
North Sharon, OK 59393"
727,Nicholas,Yates,amanda59@williams-conway.com,001-722-842-8933,1959-01-12,"2529 Daniel Course
North Kevin, MO 66568"
728,Karen,Brown,jeffreyjordan@taylor.info,9487954559,1946-01-16,"05507 Howell Fort Apt. 501
New Mistymouth, DE 88946"
729,Jessica,Cooper,josewilliams@yahoo.com,819.119.3636x18652,1997-10-20,"6580 Mills Field
New Andrea, DC 77144"
730,Taylor,Peters,ewilliams@gmail.com,217.988.3333,1993-08-29,"68924 Jackson Village
West Shelley, NV 07280"
731,Christine,Moyer,allisonamanda@yahoo.com,001-914-757-0264x222,1985-11-03,"82934 Banks Hollow Suite 992
West Christopher, GA 65262"
732,Jeff,Young,angiemayer@taylor-williams.com,089-082-3150x919,2003-07-02,"3655 Young Trace Apt. 213
Kyleside, OR 55980"
733,Steven,Simmons,bryan76@lee-vargas.info,078-472-8688,1966-04-13,"116 Sharon Cove Suite 884
East Tracyland, TX 61670"
734,Tammy,Simpson,dlewis@gmail.com,+1-040-797-7193x48284,2004-01-01,"10354 Garrett Fall
Avilachester, NE 48593"
735,Alicia,Branch,tblack@gmail.com,136.278.6769,1994-11-27,"911 Melody Green
Jamesview, LA 53819"
736,Patricia,Ross,kimberlyrogers@foley.com,+1-866-654-2478x49626,1991-01-02,"02252 Smith Hills Apt. 788
Mcgrathland, CT 26071"
737,Matthew,Smith,jillortiz@gmail.com,752-868-7110,2004-07-24,"617 David Oval Suite 454
Lake Donaldton, SC 18713"
738,Jim,Li,jeremysmith@yahoo.com,001-083-421-7923x3463,1984-05-11,"404 Harris Cliff Apt. 712
Adamsburgh, PA 35002"
739,Jason,Bradford,tammyjuarez@gmail.com,497.818.7588x5970,1992-10-18,"94448 Susan Oval Suite 960
North Reginahaven, TX 15412"
740,Nicole,Farmer,pauljackson@neal.com,001-969-182-1826x203,1954-07-14,"USNV Thomas
FPO AA 85910"
741,Michael,Horton,wwilliams@yahoo.com,001-185-358-2559x395,1966-04-21,"606 Anita Drive
Carpenterberg, HI 01666"
742,Austin,Young,elizabeth56@hotmail.com,(206)463-5967x050,2003-03-09,"04787 Miller Knoll
Lake Jeffreyside, FL 37996"
743,Paul,Wang,zferguson@yahoo.com,127.216.5775,1995-07-08,"8113 Wright Field Apt. 295
New Stephen, TX 43357"
744,Steven,Garcia,carlosdeleon@hotmail.com,+1-107-150-3456,1976-04-02,"9615 Sullivan Club Suite 075
Jillville, WY 18627"
745,Sarah,Mccoy,nrobertson@hotmail.com,001-458-057-0167x8460,1999-03-09,"PSC 0956, Box 2058
APO AA 74799"
746,Tiffany,Schmidt,pughmatthew@yahoo.com,(021)451-3636,1978-06-30,"752 Matthew Overpass
West Kristie, WI 94282"
747,Jennifer,Boyd,ebrown@evans.com,+1-035-524-8732x99221,1989-12-22,"60458 Garcia Estate
Robertmouth, MS 69605"
748,Joann,Phelps,raymondhill@romero.com,001-371-508-9669x41475,1975-01-11,"15220 Danielle Drive
Latashaland, VA 13495"
749,Virginia,Tapia,mholmes@reid-gonzales.com,364-614-4136x0890,1967-10-13,"08180 Krista Prairie
North Christianburgh, NY 80123"
750,Daniel,Martinez,jean75@gmail.com,+1-337-799-7860x683,1960-07-10,"USNS Chambers
FPO AA 62044"
751,Paul,Adams,fmiller@hotmail.com,001-247-523-3774x78979,1978-06-07,"231 Sean Throughway
Port Tarashire, NE 65236"
752,Marissa,Yates,mallory23@gmail.com,254.732.4662x8053,1968-03-28,"610 Herrera Parks
New Kellystad, OR 78047"
753,Maureen,Wallace,frances30@yahoo.com,257.094.2828x426,1948-05-07,"31870 Mark Orchard
Santiagobury, NV 15382"
754,Robert,Blair,stacey89@williams-bradley.net,246-878-8685,1959-10-04,"282 Amber Square
Port Nicoleborough, WY 11739"
755,Eric,Simon,tvaughan@guzman.com,946.940.8481,1963-11-19,"4923 Ralph Ranch
Sherryland, WV 74042"
756,Alexandra,Anderson,aviladerrick@yahoo.com,(837)080-1398x23352,1952-05-17,"18718 Sanchez Falls
Johnsonland, UT 40905"
757,Joshua,Fry,hshah@mcgrath.org,001-789-462-4535x9296,1982-06-16,"0391 Mark Cape Apt. 942
South Brandi, WI 03862"
758,Robert,Johnson,jessicaperkins@adams.com,248-223-8177x06266,1954-12-18,"793 Christopher Keys
Nicholsshire, NM 33956"
759,Ashley,Mejia,andreageorge@gmail.com,+1-136-743-9597x373,1970-08-03,"1744 Crosby Field
Jeffreyland, MT 59123"
760,Julie,Barnes,brucejordan@hotmail.com,001-182-784-4123x73252,1946-12-08,"5244 Mayer Ports Suite 490
Combsland, CO 75388"
761,Thomas,Moore,johnsimmons@yahoo.com,690.678.7684,1975-04-09,"2518 Castaneda Pass Apt. 991
New Andrewhaven, ND 53145"
762,Alyssa,Maynard,leejohn@gmail.com,105-587-4680x64921,2000-08-19,"09435 Thomas Squares Apt. 935
North Rachel, NH 49031"
763,Jennifer,Brewer,charles36@hotmail.com,587-927-6684,1976-11-29,"09959 Mcclure Course Suite 230
Ryanshire, NJ 30590"
764,Robert,Ball,rhonda21@gmail.com,(828)807-6367x962,1962-09-03,"81410 Christopher Expressway Suite 965
West Kristenfort, NH 38137"
765,Brandon,Walker,michaelcole@leonard.com,003.077.5668x52131,1975-05-02,"8096 Cynthia Row
Port Jeremyberg, KS 45882"
766,Kathryn,Cooley,smithronald@hotmail.com,(799)289-7852x54338,1971-01-30,"0971 Eric Roads Suite 451
Bradleyhaven, UT 82447"
767,Dillon,Alexander,juliegreen@gmail.com,1891077011,1982-03-28,"50121 Clark Ridge Apt. 745
Charlesburgh, AK 23494"
768,Sandy,Holmes,qtran@yahoo.com,(140)469-0426,1972-06-06,"74033 Roberto Lane Apt. 711
West Richard, TX 73140"
769,Daisy,Bailey,emitchell@hotmail.com,+1-270-132-4487,1978-04-18,"2607 Campbell Pass
Jameston, TN 21598"
770,Jack,Singleton,john05@yahoo.com,+1-392-435-1397x2957,2000-05-20,"PSC 2863, Box 3295
APO AE 16989"
771,Christina,Macias,cgreen@blanchard-greene.info,713.309.1429,1992-04-17,"4729 Rice Harbors
West William, NV 46414"
772,Brian,Kennedy,torresedwin@adkins.com,+1-994-058-3486x3431,2006-05-22,"37916 George Crossing Suite 453
Brooksmouth, MA 88775"
773,Nancy,Dalton,ramseykellie@garner-cook.com,882.028.7395x6738,1973-07-22,"6561 Levine Mall Suite 447
Sullivanview, MT 58915"
774,Zachary,Kim,bmendoza@campbell-holmes.com,(475)607-3266x76830,1975-10-30,"94633 Yates Dale Apt. 475
Laurenmouth, AL 90603"
775,Tony,Richmond,gserrano@rice.com,(496)842-3197,1958-11-30,"4642 Warren Cliff
North Veronica, WV 48899"
776,Ruben,White,mcgeemarisa@murphy.com,433.107.4428x85627,1955-01-29,"37677 Jennifer Crossroad
New Lawrenceview, KS 16113"
777,Keith,Atkins,nmckinney@gmail.com,+1-782-074-4421x978,1955-01-09,"16349 Koch Course
Port Elizabethborough, TN 72420"
778,Susan,Brooks,charles86@payne.org,(154)744-4622,1969-03-25,"8443 Valerie Keys
Port Samantha, UT 58693"
779,Bryan,Santos,kellysanchez@gmail.com,1903349214,1997-09-11,"957 Coleman Cape Suite 646
Dawnberg, DE 36064"
780,Christopher,Brown,christinaespinoza@hotmail.com,371-094-9311x542,1961-04-18,"51170 Sarah Extension
Middletonburgh, NC 83769"
781,Kevin,Walton,emily80@ryan.com,001-559-935-2037x201,1962-01-10,"821 Monique Spurs
Cooperview, RI 95822"
782,Jeffrey,Berg,schang@andersen.net,4627465238,1958-08-13,"737 Miller Plains Apt. 567
Cherylfort, TX 46261"
783,Jessica,Shields,terrancelowe@evans.com,287-076-4359x85260,1960-05-28,"0753 Gordon Glen
Velazquezshire, WA 52232"
784,Laurie,Santana,fkaiser@martin-hughes.biz,(344)172-2072,1979-10-07,"23220 Daniel Street
Murrayside, ID 86561"
785,Deborah,George,floresamy@lee.com,(971)243-3562x144,1979-07-03,"4705 Mckenzie Harbors Suite 575
South Maria, ND 30473"
786,Debra,Chase,obruce@anderson.com,657.864.4762x3635,1970-12-06,"72163 Stephens Locks Apt. 458
Laurenland, GA 29375"
787,Heather,Clark,landersen@hotmail.com,(135)650-9511x4993,1955-12-29,"5988 Alexandra Shoal Suite 061
Perkinsborough, CO 70206"
788,Emily,Rodriguez,jenkinsvictoria@yahoo.com,847-224-8053x03815,1969-05-03,"258 Cardenas Flats
Joshuabury, GA 59658"
789,Jessica,Johnson,lisa34@yahoo.com,0372162998,1971-12-16,"875 Jimenez Port
West Alejandrobury, AL 49369"
790,Kyle,Torres,dlewis@gmail.com,+1-699-347-6644x62576,1964-12-13,"4940 Tucker Port
New Catherine, IN 96951"
791,Charles,Diaz,samantha31@gmail.com,+1-582-021-8773x29389,1985-10-01,"5039 Spencer Street
Port Natalieside, GA 82068"
792,Jessica,Brooks,stacey52@duncan.com,052.698.4899,1953-08-29,"5581 Blackburn Trace
Cruzfort, ID 82562"
793,Robert,Flores,nbarnes@smith.com,001-207-290-8430,1973-11-29,"Unit 6595 Box 8532
DPO AE 76146"
794,Kayla,Tran,brandylarsen@young.org,001-469-517-3868x60183,2002-11-20,"6443 Nicole Shoal
South Heidi, AR 34111"
795,Darren,Jackson,torresanthony@garrett.net,001-672-799-8094x090,1951-06-26,"588 Lam Station Suite 254
Smithmouth, ND 98774"
796,Lindsay,Gonzalez,lauren25@gmail.com,+1-046-393-3334,1994-09-03,"5307 Kari Drives Apt. 384
Port Christina, OK 88107"
797,Chris,Harvey,larrygibson@king.com,668.759.2779x528,1946-10-02,"920 Johnson Lane Apt. 887
Lake Cynthiatown, MN 54594"
798,Jesse,Sanford,kmclaughlin@gmail.com,001-248-328-1621x27207,1963-08-02,"124 Gonzalez Knoll
Haynesstad, AK 24193"
799,Dennis,White,blakesanchez@harris.com,+1-340-553-9769,1974-08-08,"098 Mark Points
Garrisonchester, MT 61053"
800,Heather,Stone,william88@sanders.com,+1-800-434-3931x26870,1999-06-29,"439 Teresa Wall
New David, OR 34160"
801,Anita,Price,mitchell63@gmail.com,324.157.4090x724,1953-03-30,"338 Collier Islands
West Benjaminmouth, MO 64079"
802,Joy,Donovan,jaclynyoung@gmail.com,(905)216-6893,1987-10-16,"06844 Meghan Avenue Suite 800
North Andrewhaven, DC 14277"
803,Stephanie,Wallace,brandon61@yahoo.com,080.638.9455x65217,1947-08-26,"309 Anthony Radial Suite 098
Russellmouth, UT 96884"
804,Jessica,Holland,stephaniecontreras@reid-kennedy.com,(193)329-2828,1969-09-15,"2048 James Bypass Apt. 706
Deckerfort, MD 26706"
805,Charles,Franco,richard76@odonnell-greer.com,001-328-614-6868x222,1962-11-04,"143 James Wells Suite 244
East Pamelaside, RI 05982"
806,Norman,Meza,shammond@alvarado.net,338.342.8736x400,1968-08-18,"6945 Edwards Springs
Christinemouth, FL 57829"
807,Cristian,Coleman,fsheppard@hotmail.com,001-443-321-3830x718,1954-03-06,"819 Gregory Viaduct
Jacquelineborough, NY 20650"
808,Jacqueline,Brock,nmann@gmail.com,3731470592,1962-11-15,"USNV Williams
FPO AP 12532"
809,Kathryn,Estrada,robertbarnes@yahoo.com,883-247-6628x81962,1979-03-26,"65455 Nicholas Track
Port Erik, WY 97340"
810,Larry,Lambert,elizabethtaylor@dominguez.net,060-187-0290,2002-10-28,"56768 Silva Village Apt. 352
Jessicabury, WI 79804"
811,Steven,Foley,jennifer95@yahoo.com,153-310-8854,1996-05-10,"0140 Hendricks Springs
West Michelleside, OK 14316"
812,Charles,Harper,williamserin@hotmail.com,4990800824,1974-01-23,"323 Donna Heights Apt. 751
Lake Frankborough, NC 32409"
813,William,Ward,michael96@yahoo.com,+1-245-452-6283x49262,1989-07-01,"5011 Murphy Unions
Thompsonborough, NY 05549"
814,Richard,Smith,roychapman@daniels-ware.org,(478)792-6325x428,1953-07-20,"USNV Terry
FPO AE 43864"
815,John,Watson,jessica22@fisher.com,+1-068-374-7518x1127,1982-06-25,"10189 Bailey Ferry Suite 122
Vanessamouth, IN 24234"
816,Joe,Cooper,alexis11@hotmail.com,696-631-0425x11699,1950-10-17,"62279 Beck Valleys Suite 945
East Chase, AL 31800"
817,James,Stuart,nlopez@cook-jones.net,(737)272-2008,1951-02-21,"88167 Christopher Rapids Apt. 619
Morrisshire, UT 58913"
818,Jonathan,Nguyen,patriciaoconnor@gmail.com,+1-325-527-6470,1952-11-15,"040 Michael Pike Suite 663
Doylestad, OH 34303"
819,Jean,Davis,stephensmichelle@johnson-jimenez.biz,+1-548-170-3793x7781,1963-09-02,"26611 Amanda Trafficway
Royside, KS 01854"
820,Jonathan,Carlson,jamesscott@hotmail.com,5248108448,1964-07-02,"89112 Philip Garden Suite 743
Gregorytown, AZ 21148"
821,Ricardo,Anderson,daniel25@hotmail.com,(233)890-0604x7449,1978-03-31,"2071 Nathan Plaza Apt. 725
West Lisafurt, NM 29637"
822,Stacy,Wilson,joelvargas@hotmail.com,240-354-3578,2001-12-10,"972 Scott Motorway
Jonesbury, KS 09960"
823,Abigail,Cannon,melissaobrien@watkins.net,9516308360,2003-01-13,"21334 Stephanie Mount
Clintonville, AL 50455"
824,Brandy,Maxwell,joshua37@wilcox.info,(345)809-4695x205,1999-03-23,"869 Cline Centers Apt. 008
North Samuel, DE 82746"
825,Andrew,Murphy,amber61@hotmail.com,(493)538-8859x48581,2002-12-25,"2174 Anthony Village
Nicholastown, OH 10937"
826,Donna,Schmitt,rojasheidi@jackson-watson.com,948.895.9047,1949-05-16,"22539 Justin View
Noahtown, PA 54447"
827,Carrie,Smith,richardfletcher@hotmail.com,678-905-0733,1946-10-05,"2267 James Drive
Sanchezstad, ME 95982"
828,Jennifer,Vargas,gerald46@gmail.com,4114760434,1960-07-02,"8345 Mcknight Falls Suite 951
Chrishaven, NJ 12967"
829,Gloria,Cline,anncrawford@hotmail.com,197.857.3331x93569,1994-09-23,"USS Walker
FPO AA 61371"
830,Matthew,Bush,wyatt89@gmail.com,+1-543-295-9899x6854,1981-03-01,"78817 Roy Crescent
Nathanberg, IL 74547"
831,Tiffany,Collins,maria05@gmail.com,323.244.9003x257,1951-09-11,"83996 Christopher Ports
North Anthony, NC 55486"
832,Kenneth,George,william54@winters.biz,907.033.4620x10514,1967-03-17,"31562 Ryan Cove
North Jennifer, NE 63027"
833,Angela,Nash,timothymolina@yahoo.com,+1-609-824-1900x91167,1972-05-19,"47507 Christina Road
Port Craig, NJ 52432"
834,Paul,Scott,fowlerjoyce@gmail.com,833-524-5320x4414,1987-03-11,"Unit 8752 Box 4420
DPO AP 86960"
835,Jeremy,Perry,danielle38@house.biz,101.160.3718x70183,1999-10-22,"11116 Wilson Rapid
North Joseshire, MD 90576"
836,Chelsey,Ware,ericpham@hayes.com,037.674.4107,1972-01-18,"11144 Jessica Vista
Lake Markburgh, AZ 56646"
837,John,Wright,leslie17@bass.com,001-610-502-4193x8687,1971-11-16,"Unit 7782 Box 2188
DPO AA 63974"
838,Ronald,Simmons,zprince@herrera.com,+1-987-920-0406x39752,1944-01-02,"18794 Amy Forges Suite 341
East Matthew, IL 94790"
839,Alex,Jones,duane06@white-andersen.com,701.972.0055x7687,1954-04-15,"132 Benjamin Rapids Suite 653
Brownland, VT 29401"
840,Sara,Johnson,laurapetersen@hotmail.com,396-969-5798x8447,2006-07-06,"761 Harris Hollow Suite 979
Deantown, NE 31532"
841,John,Hall,jennifermcconnell@maldonado.org,453.406.6621,1949-04-06,"81863 Perry Rue Suite 300
New Johnfort, WY 22760"
842,Stacey,Nelson,mcguirerobert@gmail.com,(134)027-2012x12611,1973-08-03,"65905 Gardner Forges Suite 306
Kennethchester, IN 32188"
843,Sarah,Flores,margaretnguyen@thomas.org,0460391009,1956-05-08,"385 Burton Extension Suite 678
Lake Stephenville, NJ 32899"
844,Michael,Mccarthy,stevenkent@nichols-weaver.org,2467130141,1990-03-13,"34497 Deborah Spring Apt. 405
Jefferyville, GA 23563"
845,Toni,Hall,susan21@hotmail.com,174.500.8632,2001-08-20,"USNS Huff
FPO AA 95985"
846,Katherine,Barnes,penajames@yahoo.com,+1-783-930-4842x906,1953-12-27,"429 Michaela Alley
Boydfurt, SC 18632"
847,Daniel,Ward,nicholasmorton@bates-khan.com,323-988-9687x13633,1966-05-03,"1719 Mcguire Fork
Port Rodney, UT 13852"
848,Anthony,Schneider,john03@yahoo.com,+1-744-706-2163x66742,1956-12-08,"Unit 6915 Box 2783
DPO AE 73284"
849,Melissa,Fox,justin84@hotmail.com,3733489632,1952-04-08,"106 Wright Prairie Suite 778
Billyport, DE 07628"
850,Karen,Schaefer,zcollins@roach.net,021.381.3421x734,1947-06-16,"USCGC Pearson
FPO AE 84870"
851,Michael,Kelley,ashley23@hotmail.com,8040556449,1994-09-25,"971 Kenneth Ridges
Griffinbury, IL 02218"
852,Thomas,Medina,ilee@gmail.com,8460831321,1972-02-12,"27177 Marie Expressway
South Marialand, VT 15414"
853,Sara,Allen,lmiller@castro-jones.org,496.998.7714,1985-08-21,"1704 Gardner Views
New Seanchester, MO 22762"
854,Jonathan,Mcguire,thughes@richards.info,553-007-4113,1976-02-18,"358 Yoder Mission
Deniseport, SD 16257"
855,Andrew,Cummings,ebranch@hotmail.com,001-049-927-1160,1979-02-27,"0678 Michael Camp Apt. 689
New Robert, LA 70392"
856,Douglas,Scott,lindseyjones@solis.biz,494.101.2730x1580,1956-03-06,"7108 Roy Gateway
Angelatown, FL 44899"
857,Ariana,Townsend,millersarah@hotmail.com,001-810-013-0439,1958-08-21,"0649 Anna Run Suite 730
South Nicole, WV 26381"
858,Jeremy,Johnson,whitneyhart@yahoo.com,+1-559-526-7100x60948,1991-01-31,"97582 Taylor Plaza
Bergfurt, MI 59481"
859,Robert,Bray,srobinson@gmail.com,001-093-229-9591x3846,1948-05-21,"96991 Ashley Dale Apt. 288
Josephmouth, AZ 91882"
860,Jennifer,Bowen,joseph99@buckley.biz,(885)420-2726x7733,1982-02-25,"Unit 0802 Box 5587
DPO AE 45847"
861,Jennifer,Case,stefaniesandoval@yahoo.com,059-189-7744x9371,1946-03-18,"738 Barbara Burgs
East Robertbury, NH 19432"
862,Angela,Wheeler,jacobcruz@garza-hurley.biz,633.233.9033x055,1986-07-10,"65147 Daniel Spur
North Jennifer, WI 62624"
863,Jonathan,Wright,scarter@gmail.com,1740777028,1971-03-18,"USCGC Carlson
FPO AP 93358"
864,Kathryn,Smith,lindseyroth@hotmail.com,223-025-8898,1994-07-18,"0335 Johnson Hollow Suite 405
East Williamborough, WV 08185"
865,Sandra,Hampton,plin@marquez.org,6021533570,1984-03-12,"5860 Evans Rue
Archerview, KY 84372"
866,Angelica,Wells,julia49@livingston.info,(521)863-7582,1995-07-12,"3180 Baldwin Squares Suite 113
Lake Levi, NC 42082"
867,Lisa,Martinez,jeromeadams@gmail.com,(063)163-1651x6292,1961-06-08,"USCGC Cox
FPO AE 23087"
868,Christopher,Chambers,burnettkaitlin@yahoo.com,001-621-013-3982x3885,1968-12-28,"84184 Walker Coves Apt. 837
Port Kenneth, CT 34305"
869,Richard,Stafford,patriciareynolds@zavala.com,001-859-047-1239x7268,1999-09-07,"8052 Jordan Shore Apt. 519
Austintown, KY 56089"
870,Jonathan,Moore,austinharmon@yahoo.com,+1-129-863-7920,1958-10-10,"8536 Melissa Stream Suite 757
Port Sethside, KY 11503"
871,Brandon,Brown,xrodgers@yahoo.com,001-146-291-5415x2831,1952-01-04,"4731 Amy Ferry
Garciaburgh, WV 82365"
872,Jeffrey,Lee,claytonbarbara@thomas.net,600.860.9341,1965-08-30,"446 Pitts Mountain
South Phillip, HI 38389"
873,Rebecca,Curry,weberwalter@gmail.com,0097265778,1972-07-04,"657 Glenn Mount
Carsonside, TX 46555"
874,John,Gonzales,tracibooth@hoffman-jones.org,+1-239-691-8978,1974-04-16,"799 Brian Curve Suite 429
New Alyssastad, ND 21125"
875,Raymond,Case,karen64@gomez-taylor.com,(033)873-2651x70885,1994-11-21,"Unit 9968 Box 2833
DPO AP 64005"
876,Cameron,Cardenas,jennifer43@hotmail.com,(066)212-5403x38850,1968-06-20,"205 Michael Trace Apt. 358
Cynthiaside, PA 14861"
877,Brittany,Hernandez,georgecarlson@yahoo.com,108-995-2314x5618,1962-06-29,"Unit 3808 Box 2566
DPO AA 80508"
878,Samuel,Bell,barbara81@yahoo.com,+1-846-955-9123,1956-01-02,"9623 Mary Plains Suite 094
Lake Joshuamouth, IN 73972"
879,Gregg,Savage,kgonzalez@mitchell.com,+1-765-269-6289x37160,1975-03-19,"6453 Shelly Pass
Cherylmouth, MD 08654"
880,Matthew,Jensen,bettyjohnson@parker-miller.com,680.054.4552,1985-08-26,"3011 Lori Fall Suite 464
Karinatown, CA 71631"
881,Dawn,Ramirez,hebertrichard@hotmail.com,209-320-6282x42922,1975-02-04,"33087 Scott Burg Apt. 107
Contrerasshire, KY 25760"
882,Amy,Duke,parkkrista@york.org,001-385-262-6877x944,2001-10-09,"5386 Kathy Mountains Apt. 575
Carsonbury, WY 05634"
883,Michael,Holland,grahamroberto@hotmail.com,001-596-690-3005x3557,1966-09-23,"4696 Phillips Trail Suite 033
Johnsonton, PA 41123"
884,Cynthia,Ray,ylewis@yahoo.com,0405708055,1977-07-05,"933 Hammond Run
Taylorstad, ID 90440"
885,Alyssa,Fernandez,westbernard@hayes.info,(357)042-7479x7356,1991-01-06,"91571 Harris Haven Apt. 951
Port Marissaton, LA 09829"
886,Ashley,Lewis,parkerkelly@hotmail.com,+1-561-072-0357x969,1956-11-02,"477 Carl Underpass
Martinezside, SC 80714"
887,John,Stone,dkirby@yahoo.com,885.659.0066,1944-12-20,"58455 Alexander Plaza Suite 994
Ellisstad, TN 85416"
888,Matthew,Murray,hernandezjessica@watson.com,424.586.0476x02983,1980-03-01,"1630 Mark Ramp Apt. 459
Brendaburgh, AR 23873"
889,Dean,Lewis,jacksonlove@gmail.com,293.685.9276x4070,2000-07-13,"27830 Lauren Springs Suite 503
Port Heather, WY 16392"
890,Christina,Hines,brittany46@bailey.info,6805895316,1991-03-30,"0359 Katherine Place
Lake Jerry, MT 26655"
891,David,Shaw,bsmith@hotmail.com,(190)209-2585,1971-03-03,"PSC 3973, Box 1530
APO AA 35840"
892,Daniel,Wilson,donaldanderson@yahoo.com,516-388-3242,1994-11-09,"96447 Morales Land
Whitebury, WI 98220"
893,Andrew,Lopez,rodneyduran@price.net,(262)233-5433x019,1989-06-29,"4345 Justin Greens Apt. 683
Hannahborough, IA 55117"
894,Robert,Carter,urobinson@hill.com,001-675-786-6145x2018,1962-05-31,"434 Holland Fork Suite 863
Lake Shelbyborough, SC 89350"
895,Heather,Gutierrez,mitchelltracy@gmail.com,291.663.2239x2386,1990-03-23,"712 Johnson Passage
Markport, OH 18547"
896,Megan,Beck,joseph32@collins.com,944-802-4665,1944-12-18,"371 Aguirre Junctions Apt. 243
Loribury, TN 46152"
897,Teresa,Martin,clee@ponce.com,491-303-4074x19038,1990-03-05,"1908 Carter River Suite 753
Randyville, AZ 24435"
898,Miranda,Martinez,elopez@marsh.com,001-424-672-6430,1966-09-29,"USNV Phillips
FPO AA 01430"
899,Raymond,Guerrero,andrewpatterson@gmail.com,001-169-567-8507,1957-01-04,"44300 Jennings Station
Donnaside, CO 03399"
900,Tom,Hudson,smithwilliam@gmail.com,001-754-532-0719,1995-09-25,"9363 Diane Streets Suite 703
South Shannonhaven, WY 43426"
901,Jessica,Mann,mary72@hotmail.com,001-176-749-4704x2730,1972-02-22,"563 Robin Hill Apt. 896
South Sharonfort, IA 58244"
902,Diana,Garcia,james16@hotmail.com,001-662-610-5528x46393,1990-11-30,"2818 Olivia Villages Apt. 982
Port Teresaview, OK 87328"
903,Jordan,Pierce,lance09@sandoval.com,916.087.8529x292,1981-12-04,"06689 Jill Park
Allenmouth, OK 90868"
904,Heather,Hamilton,victoria38@yahoo.com,001-244-286-1993x9414,1998-03-09,"USNV Nguyen
FPO AA 18142"
905,Jesus,Craig,karenbarnett@hotmail.com,+1-614-427-4004x6021,1963-06-13,"92813 Mitchell Canyon Apt. 059
New Garychester, VA 15421"
906,Brandi,Montgomery,watsonamy@brown.com,(801)990-2801,1956-09-14,"USNS Johnson
FPO AE 62609"
907,Debra,Lee,adamcruz@yahoo.com,9538021333,1973-06-08,"41508 Camacho Loaf Apt. 111
West Samanthabury, AL 42585"
908,Robert,Baird,joshualopez@gmail.com,747-069-2958x6138,1997-08-28,"USS Lewis
FPO AE 69052"
909,Julie,Stone,karinacook@fritz.com,001-277-666-1796x8322,1999-01-25,"933 Carr Bridge
New Michaelfurt, MA 09082"
910,Stephen,Mills,lopezkevin@yahoo.com,820.236.6211,1995-06-28,"95844 Ashley Loop Suite 945
East Tanyabury, NC 88018"
911,Lauren,Taylor,louisballard@hotmail.com,9349260410,1962-10-21,"45414 Pruitt Squares Suite 365
New Scott, ND 30228"
912,Angela,Gutierrez,mitchellann@yahoo.com,(889)779-7346,1983-06-29,"Unit 5169 Box 1319
DPO AP 42039"
913,Richard,Gaines,phamjonathan@rhodes-reed.biz,001-972-455-8398x95572,1957-03-11,"008 David Mountains Suite 569
Kevinstad, OR 58958"
914,Paige,Russell,johnsonlogan@drake.com,(961)373-4764,1952-12-09,"USS Yates
FPO AA 69237"
915,William,Jacobs,walkermary@yahoo.com,(521)428-2445x4769,1999-07-14,"PSC 8600, Box 2388
APO AA 09629"
916,James,Lee,xgordon@gmail.com,175.512.6514x8289,2000-04-26,"44171 Ray Road Apt. 472
Clarkport, RI 61653"
917,Vincent,Church,callahandawn@yahoo.com,988.728.4090,1947-11-20,"7482 Martinez Path
East Maria, WI 89232"
918,Alexandra,Torres,ginawood@cook-carr.com,(024)068-8808,1950-10-08,"501 Gutierrez Villages
Lake Katherine, MN 62553"
919,Alex,Fisher,michaelakeller@gmail.com,+1-709-106-6669x679,1950-03-23,"1650 Stokes Prairie
Lake Paulstad, NC 38373"
920,Christopher,Love,courtneylucero@webster.com,001-013-272-7865,1967-01-20,"7877 Julie Haven
East Hollyfort, SD 42374"
921,Kimberly,Lee,jesse28@yahoo.com,(003)498-8876x79400,1985-10-25,"54208 Bailey Island Apt. 047
Justinville, MA 76982"
922,Alexander,Kline,jcarter@yahoo.com,+1-045-470-0926x642,1965-01-15,"2976 Snyder Lodge
Smithport, NJ 01235"
923,Christopher,Mays,cynthiagomez@yahoo.com,+1-532-561-7133x177,1955-03-31,"657 James Cliff Apt. 964
Keithtown, WA 01156"
924,Donna,Mcguire,nreyes@gmail.com,001-791-103-5609x633,1961-10-24,"6312 Timothy Views Suite 631
Sanchezborough, KY 40215"
925,Jason,Brown,mthompson@hotmail.com,(482)915-0433x04606,1968-12-15,"53416 Carter Spring Suite 427
Tiffanyhaven, GA 87907"
926,Danielle,Hunt,michael47@walker-hicks.net,(143)485-6059x45931,1977-12-13,"Unit 2196 Box 0877
DPO AE 10870"
927,Erin,Lee,patricklane@rodriguez.com,(082)936-7241,1946-12-24,"3224 Thomas Key Apt. 729
Lake Heather, NY 99414"
928,Elizabeth,Davis,travis51@yahoo.com,(699)777-9495x781,1979-08-13,"654 Davis Pines Suite 854
Lake Ashley, MS 82046"
929,Jennifer,Parker,jjames@hotmail.com,9753869720,1984-08-27,"68784 Kim Land Suite 968
Tanyaton, NE 43708"
930,Luke,Graham,lyonssteven@gonzalez.com,8083173977,1953-08-23,"USS Brady
FPO AP 30626"
931,Tiffany,Smith,nathanmiller@yahoo.com,001-528-430-3585x2161,1960-06-25,"6802 Brian Radial
Fosterchester, MO 58501"
932,Megan,Foster,zlee@yahoo.com,(688)334-3110,1988-06-18,"PSC 3426, Box 9944
APO AA 52933"
933,Jeffrey,Nelson,samanthasmith@hotmail.com,(208)781-0804,1946-03-15,"8330 Hunt Locks Apt. 769
North Stevenview, MD 03155"
934,Angela,Andrews,milleramber@rodriguez-simmons.com,(048)533-4206x590,1980-04-15,"3735 Regina River Suite 818
Lake Scottburgh, VA 24558"
935,Meredith,Dawson,kennethortiz@johnson-taylor.com,078.128.8041x22408,1968-12-15,"16611 Kimberly Gardens Apt. 016
South Kelly, SC 76645"
936,Cassie,Smith,jade13@hodges.com,001-297-619-5536x5737,1982-10-22,"278 Pollard Turnpike Apt. 065
West Derekville, HI 94217"
937,Teresa,Schaefer,huffashley@yahoo.com,001-556-575-0494x5518,1974-07-21,"17616 Kenneth Shores
Port Sue, DE 28532"
938,Scott,Stewart,obrientina@flores.com,835-507-2982,1978-03-30,"849 Hall Turnpike Apt. 656
Navarroside, PA 22793"
939,Terry,Franklin,shelby60@yahoo.com,404-678-4345x47281,1968-05-11,"756 White Ways Apt. 487
North Lisa, VT 67973"
940,Kendra,Nelson,csims@yahoo.com,(173)539-6389x07593,1953-04-26,"PSC 6598, Box 8329
APO AE 84266"
941,Christine,Andrade,acortez@hotmail.com,205.872.6090x59850,1949-10-27,"2107 Carolyn Springs Apt. 745
West Isaiahbury, TX 96924"
942,Matthew,Patel,kylieschmidt@kramer-martin.biz,(052)211-1008x4037,1954-02-14,"72079 Molina Parkway
Markbury, KS 80162"
943,Jennifer,Grant,mjones@perez.com,392-743-6116x6449,1989-09-27,"Unit 4998 Box 0881
DPO AP 69882"
944,Sarah,Campbell,iwolf@yahoo.com,+1-878-724-4882x430,1986-09-03,"825 Gabriela View
West Makaylashire, RI 76963"
945,Devon,Butler,davenportshane@cochran-lee.org,3505200965,1947-10-16,"PSC 9453, Box 5483
APO AP 88550"
946,Andre,Medina,curtisdavenport@montgomery.com,757-291-2238,1998-10-26,"356 Tyler Groves Suite 943
New Stephenmouth, KS 09928"
947,Jason,Rich,imendez@hotmail.com,(053)238-2645,1983-11-26,"885 Victor Common
Hubbardhaven, OK 99023"
948,Sandra,Harris,jocelyn00@perez.com,958-016-8123,2002-11-30,"0761 Clark Underpass Suite 827
North Leslie, RI 19150"
949,Blake,Sanchez,carolynjones@stanley.com,(657)830-8357x648,1968-01-17,"7324 Garcia Turnpike Apt. 716
Lake Michael, PA 49004"
950,Michelle,Pope,dwilliams@gmail.com,+1-662-360-4270,1969-09-07,"445 Laura Land
Haasmouth, AZ 46524"
951,Austin,Christensen,ryan99@gmail.com,314.865.9470x507,1974-12-17,"Unit 2654 Box 3578
DPO AE 04019"
952,Michael,Rivas,bryandalton@yahoo.com,001-933-469-4037x97822,1993-01-22,"Unit 4023 Box 4935
DPO AA 31439"
953,Melissa,Mays,robin42@brown.info,746.366.8400x5654,1944-11-30,"9941 Yoder Expressway Apt. 714
Hicksstad, MO 47908"
954,Leah,Scott,emily99@hotmail.com,9322474324,1950-08-08,"88423 Patrick Brooks
North Bethanybury, CO 57093"
955,Donald,Fowler,andersonjennifer@glover.com,+1-739-982-0079,1978-07-08,"032 Heather Pine Apt. 238
Lake Davidport, MS 74737"
956,Roger,Grant,opruitt@gmail.com,649-410-0155,2000-09-04,"479 Mcmahon Shores
Adamview, NE 29100"
957,Charles,Fields,naguirre@jones.com,715.615.4726,2005-08-26,"44167 Jones Cove
Lake Laura, RI 68296"
958,Laura,Lucas,hmullins@benson.com,253.750.3079x165,2006-02-03,"064 White Bypass
Port Williammouth, IN 98351"
959,Tony,Butler,jwarren@stone.com,001-914-378-7795x22129,1987-06-19,"3031 Lee Dale
Spearsview, DE 84294"
960,James,Wiley,deborah49@le.com,001-202-850-9703x131,1952-12-26,"USS Walls
FPO AP 41754"
961,Tiffany,Riddle,monicalewis@yahoo.com,0233656049,1986-03-22,"560 Nicole Prairie
Williamsshire, WA 56418"
962,Linda,Wheeler,davisanthony@gmail.com,001-244-764-1400x1480,1980-12-23,"49831 Emily Views
Peckton, CA 68998"
963,Christine,Lin,martin39@serrano-jackson.org,364.603.2502,1999-10-05,"985 Garcia Course Apt. 459
South Christopherport, UT 05651"
964,Rachel,Murphy,chubbard@ayala-meyer.org,540-658-2502,1955-12-21,"342 Justin Expressway
Lake Lori, OH 36067"
965,Patricia,Perez,annwalsh@gmail.com,542.207.2332x0974,1991-06-01,"Unit 8214 Box 4570
DPO AE 63694"
966,Eric,Lopez,julienorton@gmail.com,001-384-824-8905,1970-08-29,"968 Andrew Burg Suite 104
Jerryshire, SD 72657"
967,Robert,Wilkinson,william03@gmail.com,660-756-7039x30764,1953-12-28,"6895 Johnson Freeway
West Brettborough, GA 63242"
968,Tom,Jones,gabrielle08@hotmail.com,0586630229,1958-11-19,"0460 Mendez Ramp
Edwardfurt, LA 36276"
969,Juan,Herring,lisajones@martinez.com,910.859.3430x203,1945-10-27,"USNS Smith
FPO AP 09218"
970,William,Wright,yujeffrey@figueroa.com,001-778-566-4008,1986-12-24,"00646 Jeremy Coves
Ryanstad, AL 63776"
971,Gloria,Thompson,sherimaxwell@hotmail.com,079.796.5239x7175,1975-08-23,"74578 Gonzalez Lodge Apt. 742
East Jake, SC 84146"
972,Tammy,Moreno,howardnatasha@yahoo.com,001-785-873-4763x2210,1999-10-10,"832 Claudia Expressway
Mitchellberg, OK 75023"
973,William,Williams,tonyamiles@gmail.com,716-756-8791,1995-04-07,"7676 Nicole Passage Apt. 627
Melissafurt, DC 51815"
974,Linda,Martin,hillryan@porter.com,4753457639,1972-02-28,"38012 Page Stream Suite 636
East Kathleen, MD 61819"
975,Melanie,Reyes,jenkinschristine@white.com,(956)815-1412x0477,1954-12-17,"0476 Eric Corners Apt. 659
North Elizabethstad, MS 00944"
976,Anthony,Baker,nicole99@baker.biz,3919263769,1970-02-14,"520 Benjamin Heights Suite 779
Collinsview, NV 99943"
977,Nicole,Miranda,tracysingh@hotmail.com,1838350364,1953-09-25,"USCGC Lutz
FPO AP 70680"
978,Nicholas,Shaw,browndavid@hotmail.com,3010633520,1972-05-30,"844 Mills Street
Thomasview, WA 53816"
979,Jason,Miller,asingh@hotmail.com,001-991-849-0859x14404,1988-06-05,"PSC 1554, Box 0353
APO AE 15280"
980,Sarah,Bowen,nicholas43@hotmail.com,127.622.0332x602,1974-11-08,"3738 Villa Union
Williamsshire, RI 58977"
981,Charles,Brooks,adammacias@stewart.biz,001-294-591-9205,1961-03-22,"Unit 6468 Box 5901
DPO AE 69314"
982,Lauren,Robbins,djones@hotmail.com,(090)295-2101x13269,1957-07-02,"25071 Moore View
West Davidmouth, ME 28351"
983,Nicole,Smith,louis77@yahoo.com,736-695-6474,1955-02-24,"08351 Brandon Prairie Apt. 588
Lisafurt, DC 26889"
984,William,Knight,danielleswanson@torres.biz,(103)370-9862x670,1955-05-22,"3089 Rojas Grove Apt. 086
New Erinberg, ND 73924"
985,Matthew,Phillips,suenewman@hotmail.com,692.867.6171,1966-05-05,"USNS Patel
FPO AA 36889"
986,Linda,Joseph,lucasjonathan@yahoo.com,000-181-9744,1947-04-16,"287 Robert Landing
Nicholasfort, WI 75963"
987,Alexander,Green,patrick69@gmail.com,644-983-2370x543,1956-09-03,"66143 Brian Forge
Port Jasonchester, WV 79235"
988,Shawn,Blackwell,paul00@yahoo.com,001-348-865-6303,1963-05-07,"12598 Jones Harbors
East Lawrence, WA 25046"
989,April,Price,pattyrichards@hotmail.com,531.000.2829,1989-11-14,"8778 Cervantes Forge Apt. 397
Claudiabury, NY 67314"
990,Christina,Novak,sherrimoody@yahoo.com,+1-045-431-4658x1624,1947-03-14,"654 Maria Inlet
Aaronbury, AZ 87186"
991,Tabitha,Evans,awhite@guerrero-stone.com,+1-895-533-9945x004,1961-02-22,"97938 Leslie Burg
North Deborahmouth, AR 82809"
992,Christopher,Cantrell,craig81@savage-acosta.com,001-144-961-3814x038,1972-06-24,"29894 Rivas Extensions Apt. 850
Tannerview, IL 40712"
993,Julia,Spencer,jonathan08@green.com,321-246-3333x5619,1967-02-05,"USNV Murphy
FPO AE 39306"
994,Crystal,Wilson,pgarcia@huynh.biz,0322293749,1980-09-09,"4608 Ashley Mountain
Caseyhaven, CA 78943"
995,Philip,Hill,david68@sandoval-cisneros.com,618-224-3867,1993-07-11,"515 Martinez Spring Apt. 425
North Kathleen, CT 12267"
996,Melissa,Curry,fbrown@howard-martinez.net,(166)594-2176x0334,1987-09-16,"613 Sydney Passage Suite 694
Johnsonview, VT 57943"
997,Susan,Reyes,jennifermullins@roberts.com,732-291-4756,1991-09-21,"6484 Joseph Spurs
Port Leslieshire, AL 84483"
998,Raymond,Spears,brandon75@hotmail.com,(404)905-7295,1970-03-29,"828 Mclaughlin Inlet Apt. 971
Kennethshire, KS 67042"
999,James,Garcia,gewing@yahoo.com,(017)925-9281,2005-04-29,"9633 Rodriguez Extensions Suite 087
Thompsonshire, OK 78560"
1000,William,King,vanessarhodes@young.biz,228-535-2657,1947-12-03,"1795 Charles Spur Suite 957
East Rachel, ME 12077"
